case_id,activity,timestamp,agent
SME-0000,Step0,2024-11-06T00:00:00+00:00,E8
SME-0000,Step1,2024-11-06T01:27:02.551547873+00:00,E4
SME-0000,Step2,2024-11-06T11:23:48.053020203+00:00,E1
SME-0000,Step3,2024-11-06T22:26:13.173880400+00:00,E1
SME-0000,Step4,2024-11-07T07:27:41.237695366+00:00,E7
SME-0001,Step0,2024-07-23T00:00:00+00:00,E12
SME-0001,Step1,2024-07-23T01:01:48.444606737+00:00,E10
SME-0001,Step2,2024-07-23T02:23:58.433388833+00:00,E5
SME-0001,Step3,2024-07-23T11:25:32.789067458+00:00,E11
SME-0002,Step0,2024-03-05T00:00:00+00:00,E1
SME-0002,Step1,2024-03-05T05:38:58.413959427+00:00,E1
SME-0002,Step2,2024-03-05T06:57:39.872936787+00:00,E4
SME-0002,Step3,2024-03-05T15:20:16.599758654+00:00,E1
SME-0002,Step4,2024-03-05T23:27:25.304416994+00:00,E2
SME-0003,Step0,2024-08-12T00:00:00+00:00,E6
SME-0003,Step1,2024-08-12T08:32:27.462585435+00:00,E10
SME-0003,Step2,2024-08-12T16:41:45.649925640+00:00,E12
SME-0003,Step3,2024-08-12T21:58:26.938315212+00:00,E11
SME-0003,Step4,2024-08-13T00:27:36.759914099+00:00,E9
SME-0003,Step5,2024-08-13T07:14:20.791084137+00:00,E7
SME-0003,Step6,2024-08-13T11:39:06.369356271+00:00,E9
SME-0004,Step0,2024-06-26T00:00:00+00:00,E1
SME-0004,Step1,2024-06-26T07:17:12.581296898+00:00,E7
SME-0004,Step2,2024-06-26T11:49:38.609183505+00:00,E5
SME-0004,Step3,2024-06-26T16:32:39.893713587+00:00,E9
SME-0004,Step4,2024-06-26T21:51:08.006134502+00:00,E8
SME-0004,Step5,2024-06-27T01:21:03.446838423+00:00,E4
SME-0004,Step6,2024-06-27T09:12:21.657767990+00:00,E11
SME-0005,Step0,2024-01-31T00:00:00+00:00,E5
SME-0005,Step1,2024-01-31T10:38:28.775540103+00:00,E4
SME-0005,Step2,2024-01-31T12:17:08.069718388+00:00,E3
SME-0005,Step3,2024-01-31T14:56:19.136607423+00:00,E9
SME-0005,Step4,2024-01-31T20:53:32.575526734+00:00,E5
SME-0005,Step5,2024-02-01T00:25:46.007002886+00:00,E11
SME-0006,Step0,2024-07-27T00:00:00+00:00,E5
SME-0006,Step1,2024-07-27T01:59:53.820606517+00:00,E3
SME-0006,Step2,2024-07-27T06:17:02.187466146+00:00,E8
SME-0006,Step3,2024-07-27T14:40:33.184633217+00:00,E7
SME-0006,Step4,2024-07-28T02:02:20.863809274+00:00,E11
SME-0006,Step5,2024-07-28T07:03:19.226471769+00:00,E3
SME-0006,Step6,2024-07-28T14:58:31.909272741+00:00,E8
SME-0007,Step0,2024-05-29T00:00:00+00:00,E6
SME-0007,Step1,2024-05-29T06:29:55.874222030+00:00,E12
SME-0007,Step2,2024-05-29T14:19:16.326921838+00:00,E1
SME-0007,Step3,2024-05-30T02:16:02.148529156+00:00,E6
SME-0007,Step4,2024-05-30T08:19:39.936045796+00:00,E8
SME-0008,Step0,2024-05-28T00:00:00+00:00,E6
SME-0008,Step1,2024-05-28T09:38:37.113748266+00:00,E7
SME-0008,Step2,2024-05-28T18:43:22.663191099+00:00,E1
SME-0008,Step3,2024-05-29T03:32:43.921159493+00:00,E5
SME-0008,Step4,2024-05-29T05:48:35.253437416+00:00,E12
SME-0009,Step0,2024-12-20T00:00:00+00:00,E12
SME-0009,Step1,2024-12-20T01:09:42.369676628+00:00,E12
SME-0009,Step2,2024-12-20T12:57:17.693263255+00:00,E2
SME-0009,Step3,2024-12-21T00:29:03.216375849+00:00,E11
SME-0009,Step4,2024-12-21T12:10:59.317403238+00:00,E5
SME-0009,Step5,2024-12-21T22:58:20.765409770+00:00,E2
SME-0010,Step0,2024-10-27T00:00:00+00:00,E4
SME-0010,Step1,2024-10-27T11:09:31.794327425+00:00,E11
SME-0010,Step2,2024-10-27T15:05:10.553110199+00:00,E10
SME-0010,Step3,2024-10-27T20:57:23.565137590+00:00,E6
SME-0011,Step0,2024-09-09T00:00:00+00:00,E1
SME-0011,Step1,2024-09-09T07:45:29.180579180+00:00,E9
SME-0011,Step2,2024-09-09T16:40:10.283583118+00:00,E7
SME-0011,Step3,2024-09-09T17:50:43.556072251+00:00,E1
SME-0011,Step4,2024-09-10T00:29:08.801513429+00:00,E2
SME-0011,Step5,2024-09-10T11:42:21.328656990+00:00,E10
SME-0011,Step6,2024-09-10T21:57:37.492929640+00:00,E4
SME-0012,Step0,2024-08-25T00:00:00+00:00,E5
SME-0012,Step1,2024-08-25T11:37:36.058399049+00:00,E6
SME-0012,Step2,2024-08-25T15:28:27.096288617+00:00,E2
SME-0012,Step3,2024-08-25T19:07:57.454566753+00:00,E7
SME-0013,Step0,2024-11-20T00:00:00+00:00,E2
SME-0013,Step1,2024-11-20T07:26:50.473366584+00:00,E10
SME-0013,Step2,2024-11-20T14:32:32.457252645+00:00,E4
SME-0014,Step0,2024-10-22T00:00:00+00:00,E6
SME-0014,Step1,2024-10-22T09:59:57.590450448+00:00,E6
SME-0014,Step2,2024-10-22T17:53:27.246362270+00:00,E5
SME-0014,Step3,2024-10-22T22:57:15.661041500+00:00,E9
SME-0015,Step0,2024-03-25T00:00:00+00:00,E8
SME-0015,Step1,2024-03-25T02:36:00.752112186+00:00,E11
SME-0015,Step2,2024-03-25T13:36:35.126994012+00:00,E10
SME-0016,Step0,2024-08-04T00:00:00+00:00,E10
SME-0016,Step1,2024-08-04T10:07:40.237817012+00:00,E5
SME-0016,Step2,2024-08-04T15:08:36.065664239+00:00,E2
SME-0016,Step3,2024-08-04T17:00:29.815135998+00:00,E1
SME-0016,Step4,2024-08-04T21:01:14.239440540+00:00,E4
SME-0016,Step5,2024-08-05T05:44:59.261438667+00:00,E8
SME-0017,Step0,2024-12-10T00:00:00+00:00,E1
SME-0017,Step1,2024-12-10T05:11:18.512129111+00:00,E5
SME-0017,Step2,2024-12-10T10:54:57.564951782+00:00,E1
SME-0017,Step3,2024-12-10T22:39:25.472900449+00:00,E4
SME-0017,Step4,2024-12-11T08:11:22.843949281+00:00,E6
SME-0017,Step5,2024-12-11T12:09:28.380655112+00:00,E1
SME-0017,Step6,2024-12-11T22:39:07.940741008+00:00,E4
SME-0018,Step0,2024-11-17T00:00:00+00:00,E8
SME-0018,Step1,2024-11-17T04:28:31.364396560+00:00,E7
SME-0018,Step2,2024-11-17T07:29:06.774602051+00:00,E12
SME-0018,Step3,2024-11-17T17:25:15.256367256+00:00,E4
SME-0019,Step0,2024-07-11T00:00:00+00:00,E12
SME-0019,Step1,2024-07-11T09:13:50.640730749+00:00,E12
SME-0019,Step2,2024-07-11T12:56:57.651647504+00:00,E8
SME-0019,Step3,2024-07-11T15:30:11.015300784+00:00,E11
SME-0019,Step4,2024-07-12T00:21:49.909352312+00:00,E2
SME-0020,Step0,2024-09-05T00:00:00+00:00,E5
SME-0020,Step1,2024-09-05T07:10:31.470394988+00:00,E11
SME-0020,Step2,2024-09-05T10:18:39.009401463+00:00,E9
SME-0020,Step3,2024-09-05T17:05:49.490446730+00:00,E7
SME-0020,Step4,2024-09-05T19:04:31.341800482+00:00,E10
SME-0020,Step5,2024-09-06T06:52:36.272448299+00:00,E7
SME-0020,Step6,2024-09-06T07:56:50.064201805+00:00,E1
SME-0021,Step0,2024-09-27T00:00:00+00:00,E12
SME-0021,Step1,2024-09-27T04:30:59.392796793+00:00,E8
SME-0021,Step2,2024-09-27T12:54:51.447499901+00:00,E10
SME-0021,Step3,2024-09-27T16:03:37.700478790+00:00,E3
SME-0021,Step4,2024-09-27T23:41:06.371863423+00:00,E8
SME-0022,Step0,2024-02-01T00:00:00+00:00,E1
SME-0022,Step1,2024-02-01T09:11:06.260179592+00:00,E6
SME-0022,Step2,2024-02-01T14:27:13.702758258+00:00,E4
SME-0022,Step3,2024-02-01T16:08:44.364497074+00:00,E3
SME-0022,Step4,2024-02-01T18:06:39.972812749+00:00,E9
SME-0023,Step0,2024-12-23T00:00:00+00:00,E11
SME-0023,Step1,2024-12-23T11:02:19.828572179+00:00,E6
SME-0023,Step2,2024-12-23T22:06:26.657392604+00:00,E2
SME-0023,Step3,2024-12-24T00:30:31.816550940+00:00,E10
SME-0024,Step0,2024-01-27T00:00:00+00:00,E3
SME-0024,Step1,2024-01-27T06:27:44.239074434+00:00,E9
SME-0024,Step2,2024-01-27T09:15:40.558355814+00:00,E8
SME-0024,Step3,2024-01-27T13:45:34.046914507+00:00,E4
SME-0024,Step4,2024-01-27T22:34:44.889499838+00:00,E9
SME-0024,Step5,2024-01-28T05:09:40.695977401+00:00,E1
SME-0024,Step6,2024-01-28T14:50:51.458982811+00:00,E6
SME-0025,Step0,2024-02-03T00:00:00+00:00,E4
SME-0025,Step1,2024-02-03T06:22:38.303030718+00:00,E9
SME-0025,Step2,2024-02-03T18:15:10.638232083+00:00,E10
SME-0026,Step0,2024-03-07T00:00:00+00:00,E1
SME-0026,Step1,2024-03-07T09:56:55.948941513+00:00,E8
SME-0026,Step2,2024-03-07T17:34:48.765589061+00:00,E6
SME-0026,Step3,2024-03-08T04:37:50.919792273+00:00,E10
SME-0026,Step4,2024-03-08T06:20:55.628282160+00:00,E8
SME-0026,Step5,2024-03-08T11:32:55.493568823+00:00,E7
SME-0026,Step6,2024-03-08T16:07:47.099966410+00:00,E11
SME-0027,Step0,2024-12-28T00:00:00+00:00,E2
SME-0027,Step1,2024-12-28T10:39:10.144672523+00:00,E1
SME-0027,Step2,2024-12-28T12:36:28.013612232+00:00,E6
SME-0027,Step3,2024-12-28T22:17:18.536710955+00:00,E10
SME-0027,Step4,2024-12-29T08:04:46.713347713+00:00,E9
SME-0028,Step0,2024-04-27T00:00:00+00:00,E9
SME-0028,Step1,2024-04-27T05:35:30.945243293+00:00,E5
SME-0028,Step2,2024-04-27T12:32:50.780595047+00:00,E5
SME-0028,Step3,2024-04-27T18:01:25.913500363+00:00,E7
SME-0029,Step0,2024-06-07T00:00:00+00:00,E9
SME-0029,Step1,2024-06-07T02:31:41.694493159+00:00,E11
SME-0029,Step2,2024-06-07T12:33:37.376793586+00:00,E5
SME-0029,Step3,2024-06-08T00:21:37.778379309+00:00,E9
SME-0030,Step0,2024-11-03T00:00:00+00:00,E4
SME-0030,Step1,2024-11-03T06:32:25.608376342+00:00,E8
SME-0030,Step2,2024-11-03T15:49:42.091304264+00:00,E12
SME-0030,Step3,2024-11-03T22:03:57.515354226+00:00,E7
SME-0030,Step4,2024-11-04T08:34:03.450501670+00:00,E11
SME-0030,Step5,2024-11-04T12:48:02.851038262+00:00,E2
SME-0030,Step6,2024-11-04T22:14:41.880929607+00:00,E9
SME-0031,Step0,2024-07-27T00:00:00+00:00,E4
SME-0031,Step1,2024-07-27T06:14:16.211743393+00:00,E12
SME-0031,Step2,2024-07-27T11:57:06.380225852+00:00,E1
SME-0031,Step3,2024-07-27T19:24:03.874228047+00:00,E8
SME-0032,Step0,2024-04-14T00:00:00+00:00,E12
SME-0032,Step1,2024-04-14T10:03:41.741792353+00:00,E9
SME-0032,Step2,2024-04-14T17:28:41.215650522+00:00,E8
SME-0032,Step3,2024-04-14T18:55:13.857198344+00:00,E11
SME-0033,Step0,2024-09-16T00:00:00+00:00,E2
SME-0033,Step1,2024-09-16T09:56:44.466176422+00:00,E10
SME-0033,Step2,2024-09-16T21:54:46.073782092+00:00,E7
SME-0033,Step3,2024-09-17T00:47:38.522806910+00:00,E4
SME-0033,Step4,2024-09-17T06:06:08.844865284+00:00,E5
SME-0033,Step5,2024-09-17T11:56:02.310566872+00:00,E9
SME-0033,Step6,2024-09-17T19:24:22.162900268+00:00,E10
SME-0034,Step0,2024-02-16T00:00:00+00:00,E3
SME-0034,Step1,2024-02-16T10:29:32.819943894+00:00,E12
SME-0034,Step2,2024-02-16T17:42:03.567660269+00:00,E3
SME-0034,Step3,2024-02-17T04:35:16.988764108+00:00,E4
SME-0035,Step0,2024-03-06T00:00:00+00:00,E9
SME-0035,Step1,2024-03-06T02:55:46.226099409+00:00,E4
SME-0035,Step2,2024-03-06T07:55:13.975353581+00:00,E12
SME-0035,Step3,2024-03-06T12:32:57.850320340+00:00,E9
SME-0036,Step0,2024-12-10T00:00:00+00:00,E4
SME-0036,Step1,2024-12-10T02:47:49.376409023+00:00,E7
SME-0036,Step2,2024-12-10T13:30:52.758260912+00:00,E1
SME-0036,Step3,2024-12-10T20:38:23.443667050+00:00,E3
SME-0036,Step4,2024-12-11T00:05:12.598148307+00:00,E10
SME-0037,Step0,2024-07-22T00:00:00+00:00,E2
SME-0037,Step1,2024-07-22T08:06:23.382933227+00:00,E5
SME-0037,Step2,2024-07-22T15:49:52.394830524+00:00,E9
SME-0037,Step3,2024-07-22T19:32:30.071204942+00:00,E4
SME-0037,Step4,2024-07-23T02:51:35.441909620+00:00,E1
SME-0037,Step5,2024-07-23T14:46:19.561761445+00:00,E8
SME-0038,Step0,2024-01-25T00:00:00+00:00,E2
SME-0038,Step1,2024-01-25T08:39:30.118201696+00:00,E8
SME-0038,Step2,2024-01-25T13:05:48.905826902+00:00,E11
SME-0038,Step3,2024-01-25T21:58:19.252565151+00:00,E2
SME-0039,Step0,2024-11-24T00:00:00+00:00,E4
SME-0039,Step1,2024-11-24T07:26:05.314136936+00:00,E11
SME-0039,Step2,2024-11-24T13:40:38.215636484+00:00,E10
SME-0039,Step3,2024-11-24T15:28:35.486242957+00:00,E11
SME-0040,Step0,2024-03-05T00:00:00+00:00,E7
SME-0040,Step1,2024-03-05T11:43:51.105945702+00:00,E3
SME-0040,Step2,2024-03-05T17:42:13.821963455+00:00,E12
SME-0040,Step3,2024-03-05T23:02:42.349927465+00:00,E2
SME-0040,Step4,2024-03-06T08:16:53.076637620+00:00,E11
SME-0041,Step0,2024-02-13T00:00:00+00:00,E9
SME-0041,Step1,2024-02-13T04:52:48.639261577+00:00,E1
SME-0041,Step2,2024-02-13T10:34:26.796553294+00:00,E8
SME-0041,Step3,2024-02-13T12:01:15.252003454+00:00,E7
SME-0042,Step0,2024-03-11T00:00:00+00:00,E2
SME-0042,Step1,2024-03-11T10:02:36.631498951+00:00,E5
SME-0042,Step2,2024-03-11T15:20:51.864279244+00:00,E11
SME-0043,Step0,2024-06-19T00:00:00+00:00,E2
SME-0043,Step1,2024-06-19T09:20:00.824798952+00:00,E7
SME-0043,Step2,2024-06-19T17:56:15.175384799+00:00,E11
SME-0043,Step3,2024-06-20T03:59:18.337855344+00:00,E5
SME-0043,Step4,2024-06-20T06:57:29.220283630+00:00,E11
SME-0043,Step5,2024-06-20T08:54:41.800678965+00:00,E7
SME-0044,Step0,2024-12-12T00:00:00+00:00,E5
SME-0044,Step1,2024-12-12T11:19:01.042301985+00:00,E3
SME-0044,Step2,2024-12-12T12:22:15.059135532+00:00,E12
SME-0044,Step3,2024-12-12T16:55:22.722960625+00:00,E2
SME-0044,Step4,2024-12-12T20:50:04.650044807+00:00,E7
SME-0044,Step5,2024-12-13T06:58:20.142959309+00:00,E12
SME-0044,Step6,2024-12-13T14:25:20.725809324+00:00,E6
SME-0045,Step0,2024-08-11T00:00:00+00:00,E9
SME-0045,Step1,2024-08-11T07:19:12.443303925+00:00,E12
SME-0045,Step2,2024-08-11T17:31:39.505760037+00:00,E9
SME-0045,Step3,2024-08-12T03:05:18.135513673+00:00,E12
SME-0045,Step4,2024-08-12T11:02:05.199597233+00:00,E2
SME-0045,Step5,2024-08-12T15:57:17.235633745+00:00,E11
SME-0045,Step6,2024-08-12T19:26:46.651302766+00:00,E2
SME-0046,Step0,2024-03-09T00:00:00+00:00,E3
SME-0046,Step1,2024-03-09T06:53:41.597611332+00:00,E7
SME-0046,Step2,2024-03-09T16:15:36.866918475+00:00,E1
SME-0046,Step3,2024-03-09T18:28:06.051206605+00:00,E9
SME-0047,Step0,2024-08-16T00:00:00+00:00,E5
SME-0047,Step1,2024-08-16T07:26:24.991596120+00:00,E9
SME-0047,Step2,2024-08-16T16:30:07.280239725+00:00,E9
SME-0047,Step3,2024-08-16T22:35:36.845481244+00:00,E10
SME-0047,Step4,2024-08-17T02:44:52.892553005+00:00,E7
SME-0047,Step5,2024-08-17T11:23:46.855954241+00:00,E6
SME-0048,Step0,2024-03-04T00:00:00+00:00,E3
SME-0048,Step1,2024-03-04T08:22:57.570899460+00:00,E12
SME-0048,Step2,2024-03-04T18:38:08.114820640+00:00,E4
SME-0048,Step3,2024-03-05T00:59:14.323979444+00:00,E7
SME-0049,Step0,2024-06-22T00:00:00+00:00,E4
SME-0049,Step1,2024-06-22T10:17:06.794342266+00:00,E6
SME-0049,Step2,2024-06-22T18:44:27.625954865+00:00,E9
SME-0050,Step0,2024-05-14T00:00:00+00:00,E8
SME-0050,Step1,2024-05-14T05:15:51.898793445+00:00,E1
SME-0050,Step2,2024-05-14T08:04:37.291815258+00:00,E12
SME-0050,Step3,2024-05-14T18:55:08.540291977+00:00,E8
SME-0050,Step4,2024-05-14T20:26:59.857854052+00:00,E11
SME-0051,Step0,2024-03-13T00:00:00+00:00,E1
SME-0051,Step1,2024-03-13T03:06:26.932166611+00:00,E3
SME-0051,Step2,2024-03-13T05:24:05.538546994+00:00,E8
SME-0051,Step3,2024-03-13T15:22:19.750650690+00:00,E12
SME-0051,Step4,2024-03-13T18:45:35.611021146+00:00,E7
SME-0051,Step5,2024-03-14T01:49:16.992854560+00:00,E5
SME-0052,Step0,2024-06-14T00:00:00+00:00,E1
SME-0052,Step1,2024-06-14T10:02:00.573600685+00:00,E10
SME-0052,Step2,2024-06-14T14:16:05.997463349+00:00,E10
SME-0052,Step3,2024-06-14T18:18:59.984685052+00:00,E5
SME-0052,Step4,2024-06-15T01:39:45.527352455+00:00,E9
SME-0052,Step5,2024-06-15T08:28:07.202445709+00:00,E5
SME-0053,Step0,2024-05-09T00:00:00+00:00,E11
SME-0053,Step1,2024-05-09T05:15:36.878636054+00:00,E8
SME-0053,Step2,2024-05-09T13:07:23.428800843+00:00,E7
SME-0053,Step3,2024-05-09T17:52:00.253553117+00:00,E4
SME-0053,Step4,2024-05-09T22:12:07.013654621+00:00,E8
SME-0053,Step5,2024-05-10T05:56:15.746519094+00:00,E3
SME-0054,Step0,2024-11-17T00:00:00+00:00,E5
SME-0054,Step1,2024-11-17T11:50:36.477553778+00:00,E7
SME-0054,Step2,2024-11-17T22:06:59.860251541+00:00,E3
SME-0054,Step3,2024-11-18T00:00:40.278427296+00:00,E6
SME-0054,Step4,2024-11-18T11:22:11.842186279+00:00,E3
SME-0055,Step0,2024-07-18T00:00:00+00:00,E1
SME-0055,Step1,2024-07-18T03:00:35.405403426+00:00,E6
SME-0055,Step2,2024-07-18T13:53:04.263434080+00:00,E12
SME-0055,Step3,2024-07-19T01:27:06.592916918+00:00,E12
SME-0056,Step0,2024-08-08T00:00:00+00:00,E11
SME-0056,Step1,2024-08-08T03:44:02.883984142+00:00,E3
SME-0056,Step2,2024-08-08T15:00:40.611099153+00:00,E8
SME-0056,Step3,2024-08-09T00:31:13.437740201+00:00,E9
SME-0056,Step4,2024-08-09T07:01:50.580836945+00:00,E6
SME-0056,Step5,2024-08-09T11:17:09.283978517+00:00,E8
SME-0056,Step6,2024-08-09T18:36:15.950423108+00:00,E3
SME-0057,Step0,2024-02-22T00:00:00+00:00,E8
SME-0057,Step1,2024-02-22T07:45:20.628040218+00:00,E3
SME-0057,Step2,2024-02-22T12:19:16.824522190+00:00,E10
SME-0057,Step3,2024-02-22T18:39:03.603993340+00:00,E8
SME-0057,Step4,2024-02-23T06:38:43.857542718+00:00,E9
SME-0058,Step0,2024-10-10T00:00:00+00:00,E7
SME-0058,Step1,2024-10-10T03:11:32.434800637+00:00,E10
SME-0058,Step2,2024-10-10T08:56:50.127388749+00:00,E2
SME-0058,Step3,2024-10-10T12:05:16.657558945+00:00,E6
SME-0059,Step0,2024-01-19T00:00:00+00:00,E11
SME-0059,Step1,2024-01-19T06:35:19.342191549+00:00,E4
SME-0059,Step2,2024-01-19T15:32:05.517879221+00:00,E5
SME-0059,Step3,2024-01-19T18:09:25.427076049+00:00,E8
SME-0060,Step0,2024-04-12T00:00:00+00:00,E9
SME-0060,Step1,2024-04-12T05:55:35.191134754+00:00,E12
SME-0060,Step2,2024-04-12T11:23:57.059798094+00:00,E11
SME-0060,Step3,2024-04-12T14:56:39.413675221+00:00,E4
SME-0060,Step4,2024-04-12T23:06:09.760531851+00:00,E4
SME-0061,Step0,2024-04-06T00:00:00+00:00,E1
SME-0061,Step1,2024-04-06T07:15:00.092019308+00:00,E7
SME-0061,Step2,2024-04-06T15:09:47.060415312+00:00,E9
SME-0061,Step3,2024-04-06T18:01:58.603093500+00:00,E8
SME-0062,Step0,2024-12-10T00:00:00+00:00,E2
SME-0062,Step1,2024-12-10T06:52:35.548534708+00:00,E1
SME-0062,Step2,2024-12-10T16:45:19.398566410+00:00,E7
SME-0062,Step3,2024-12-10T18:00:14.775576066+00:00,E2
SME-0062,Step4,2024-12-11T00:12:33.652843053+00:00,E6
SME-0062,Step5,2024-12-11T03:35:28.173549855+00:00,E5
SME-0062,Step6,2024-12-11T07:02:30.714396781+00:00,E4
SME-0063,Step0,2024-06-08T00:00:00+00:00,E12
SME-0063,Step1,2024-06-08T05:14:40.251673924+00:00,E6
SME-0063,Step2,2024-06-08T13:33:00.269201164+00:00,E5
SME-0063,Step3,2024-06-08T21:48:47.220380300+00:00,E8
SME-0063,Step4,2024-06-09T05:12:50.562510073+00:00,E4
SME-0063,Step5,2024-06-09T14:18:33.137066032+00:00,E2
SME-0063,Step6,2024-06-09T21:46:59.093442830+00:00,E4
SME-0064,Step0,2024-06-28T00:00:00+00:00,E2
SME-0064,Step1,2024-06-28T11:12:11.328854852+00:00,E4
SME-0064,Step2,2024-06-28T22:03:12.095577898+00:00,E11
SME-0064,Step3,2024-06-29T04:06:35.223727668+00:00,E6
SME-0064,Step4,2024-06-29T10:26:46.259884977+00:00,E4
SME-0064,Step5,2024-06-29T19:14:30.869437699+00:00,E10
SME-0065,Step0,2024-04-25T00:00:00+00:00,E7
SME-0065,Step1,2024-04-25T08:55:58.165130226+00:00,E8
SME-0065,Step2,2024-04-25T17:22:31.701874711+00:00,E1
SME-0065,Step3,2024-04-26T01:56:13.335966318+00:00,E2
SME-0066,Step0,2024-05-22T00:00:00+00:00,E2
SME-0066,Step1,2024-05-22T01:04:21.301541715+00:00,E9
SME-0066,Step2,2024-05-22T06:42:08.086387450+00:00,E6
SME-0066,Step3,2024-05-22T11:51:51.513851632+00:00,E3
SME-0066,Step4,2024-05-22T17:33:39.034971611+00:00,E12
SME-0066,Step5,2024-05-23T01:25:14.277819095+00:00,E2
SME-0066,Step6,2024-05-23T10:12:50.857357248+00:00,E11
SME-0067,Step0,2024-09-27T00:00:00+00:00,E2
SME-0067,Step1,2024-09-27T08:21:21.633938577+00:00,E9
SME-0067,Step2,2024-09-27T10:51:37.618417358+00:00,E7
SME-0068,Step0,2024-05-18T00:00:00+00:00,E9
SME-0068,Step1,2024-05-18T08:34:56.348782435+00:00,E2
SME-0068,Step2,2024-05-18T19:38:55.045932066+00:00,E4
SME-0068,Step3,2024-05-19T04:54:56.017561358+00:00,E5
SME-0068,Step4,2024-05-19T16:14:01.859819015+00:00,E1
SME-0068,Step5,2024-05-19T17:30:41.076960758+00:00,E4
SME-0068,Step6,2024-05-19T21:10:20.434618184+00:00,E9
SME-0069,Step0,2024-03-15T00:00:00+00:00,E7
SME-0069,Step1,2024-03-15T03:26:52.320215378+00:00,E6
SME-0069,Step2,2024-03-15T05:44:09.733974221+00:00,E6
SME-0069,Step3,2024-03-15T09:27:24.446302253+00:00,E10
SME-0069,Step4,2024-03-15T15:25:05.925895110+00:00,E5
SME-0069,Step5,2024-03-16T02:03:47.908264454+00:00,E10
SME-0069,Step6,2024-03-16T11:44:53.876284005+00:00,E11
SME-0070,Step0,2024-12-12T00:00:00+00:00,E4
SME-0070,Step1,2024-12-12T06:26:10.288552928+00:00,E5
SME-0070,Step2,2024-12-12T16:28:59.948393193+00:00,E7
SME-0070,Step3,2024-12-12T19:23:18.293456909+00:00,E6
SME-0070,Step4,2024-12-13T06:10:04.526704988+00:00,E5
SME-0070,Step5,2024-12-13T07:59:55.080513207+00:00,E11
SME-0071,Step0,2024-01-04T00:00:00+00:00,E7
SME-0071,Step1,2024-01-04T01:47:07.780443317+00:00,E5
SME-0071,Step2,2024-01-04T11:22:47.468946357+00:00,E12
SME-0071,Step3,2024-01-04T13:48:30.460527373+00:00,E5
SME-0071,Step4,2024-01-04T18:50:07.240750731+00:00,E6
SME-0072,Step0,2024-05-19T00:00:00+00:00,E9
SME-0072,Step1,2024-05-19T11:35:05.551238624+00:00,E12
SME-0072,Step2,2024-05-19T17:37:56.429770294+00:00,E6
SME-0072,Step3,2024-05-19T18:58:05.499805002+00:00,E10
SME-0073,Step0,2024-06-04T00:00:00+00:00,E1
SME-0073,Step1,2024-06-04T03:25:21.214568106+00:00,E8
SME-0073,Step2,2024-06-04T13:10:17.713538080+00:00,E5
SME-0073,Step3,2024-06-04T17:49:17.544716956+00:00,E7
SME-0074,Step0,2024-03-30T00:00:00+00:00,E6
SME-0074,Step1,2024-03-30T01:57:42.826651799+00:00,E7
SME-0074,Step2,2024-03-30T11:04:14.659696920+00:00,E2
SME-0074,Step3,2024-03-30T21:51:52.997996947+00:00,E5
SME-0074,Step4,2024-03-31T04:28:32.522693341+00:00,E11
SME-0075,Step0,2024-02-26T00:00:00+00:00,E4
SME-0075,Step1,2024-02-26T08:09:07.817785876+00:00,E6
SME-0075,Step2,2024-02-26T12:10:06.413281227+00:00,E11
SME-0075,Step3,2024-02-26T17:57:29.844223923+00:00,E4
SME-0075,Step4,2024-02-27T05:46:07.296453611+00:00,E10
SME-0076,Step0,2024-06-05T00:00:00+00:00,E2
SME-0076,Step1,2024-06-05T05:22:59.746334282+00:00,E11
SME-0076,Step2,2024-06-05T11:52:20.514930679+00:00,E9
SME-0077,Step0,2024-03-13T00:00:00+00:00,E4
SME-0077,Step1,2024-03-13T07:34:14.886693641+00:00,E11
SME-0077,Step2,2024-03-13T18:00:49.246414701+00:00,E7
SME-0078,Step0,2024-06-19T00:00:00+00:00,E11
SME-0078,Step1,2024-06-19T08:52:57.670215797+00:00,E4
SME-0078,Step2,2024-06-19T19:54:57.038550764+00:00,E12
SME-0078,Step3,2024-06-20T05:44:25.986340959+00:00,E4
SME-0078,Step4,2024-06-20T08:05:11.741186141+00:00,E12
SME-0079,Step0,2024-02-15T00:00:00+00:00,E12
SME-0079,Step1,2024-02-15T02:54:43.595794295+00:00,E7
SME-0079,Step2,2024-02-15T12:17:45.593651486+00:00,E5
SME-0079,Step3,2024-02-15T14:45:24.656883231+00:00,E8
SME-0080,Step0,2024-11-01T00:00:00+00:00,E5
SME-0080,Step1,2024-11-01T06:06:53.695086948+00:00,E10
SME-0080,Step2,2024-11-01T13:20:31.408599492+00:00,E9
SME-0081,Step0,2024-07-07T00:00:00+00:00,E6
SME-0081,Step1,2024-07-07T05:34:11.367898408+00:00,E12
SME-0081,Step2,2024-07-07T15:10:21.777891729+00:00,E9
SME-0081,Step3,2024-07-07T19:09:41.850384914+00:00,E3
SME-0081,Step4,2024-07-08T03:16:04.047548610+00:00,E6
SME-0082,Step0,2024-06-28T00:00:00+00:00,E1
SME-0082,Step1,2024-06-28T09:59:28.649665885+00:00,E12
SME-0082,Step2,2024-06-28T20:19:08.239098762+00:00,E5
SME-0082,Step3,2024-06-29T00:09:30.195088125+00:00,E2
SME-0082,Step4,2024-06-29T09:39:25.802563298+00:00,E10
SME-0082,Step5,2024-06-29T18:59:17.338252640+00:00,E3
SME-0083,Step0,2024-11-04T00:00:00+00:00,E7
SME-0083,Step1,2024-11-04T04:35:04.982961844+00:00,E11
SME-0083,Step2,2024-11-04T13:39:43.376912780+00:00,E6
SME-0083,Step3,2024-11-04T18:12:32.822912281+00:00,E2
SME-0083,Step4,2024-11-04T20:54:43.360556035+00:00,E11
SME-0083,Step5,2024-11-05T08:01:23.284129855+00:00,E3
SME-0084,Step0,2024-04-02T00:00:00+00:00,E10
SME-0084,Step1,2024-04-02T11:02:16.817935164+00:00,E2
SME-0084,Step2,2024-04-02T14:12:12.597279680+00:00,E3
SME-0085,Step0,2024-07-07T00:00:00+00:00,E8
SME-0085,Step1,2024-07-07T09:05:54.859111519+00:00,E5
SME-0085,Step2,2024-07-07T12:22:33.193753211+00:00,E3
SME-0086,Step0,2024-12-04T00:00:00+00:00,E1
SME-0086,Step1,2024-12-04T02:46:23.829557423+00:00,E2
SME-0086,Step2,2024-12-04T03:54:15.455195727+00:00,E6
SME-0087,Step0,2024-11-07T00:00:00+00:00,E3
SME-0087,Step1,2024-11-07T05:07:55.436097928+00:00,E4
SME-0087,Step2,2024-11-07T10:00:07.481532190+00:00,E2
SME-0088,Step0,2024-01-06T00:00:00+00:00,E4
SME-0088,Step1,2024-01-06T05:00:48.346104743+00:00,E12
SME-0088,Step2,2024-01-06T13:15:04.448916610+00:00,E2
SME-0088,Step3,2024-01-06T22:08:02.003776942+00:00,E2
SME-0088,Step4,2024-01-07T01:27:32.855932757+00:00,E2
SME-0089,Step0,2024-11-11T00:00:00+00:00,E6
SME-0089,Step1,2024-11-11T10:26:34.038891945+00:00,E12
SME-0089,Step2,2024-11-11T13:34:33.189627527+00:00,E7
SME-0089,Step3,2024-11-11T22:08:34.604674532+00:00,E8
SME-0090,Step0,2024-10-04T00:00:00+00:00,E7
SME-0090,Step1,2024-10-04T07:16:29.080375414+00:00,E3
SME-0090,Step2,2024-10-04T15:27:29.987822798+00:00,E4
SME-0090,Step3,2024-10-04T21:37:28.501492901+00:00,E1
SME-0091,Step0,2024-01-14T00:00:00+00:00,E1
SME-0091,Step1,2024-01-14T04:40:38.773568709+00:00,E5
SME-0091,Step2,2024-01-14T15:14:18.844703486+00:00,E10
SME-0091,Step3,2024-01-14T21:03:35.724220145+00:00,E5
SME-0091,Step4,2024-01-15T04:23:27.102004142+00:00,E3
SME-0091,Step5,2024-01-15T10:03:41.962723553+00:00,E11
SME-0091,Step6,2024-01-15T20:07:17.071394289+00:00,E3
SME-0092,Step0,2024-07-02T00:00:00+00:00,E3
SME-0092,Step1,2024-07-02T02:22:47.080614664+00:00,E2
SME-0092,Step2,2024-07-02T07:49:01.385503467+00:00,E2
SME-0092,Step3,2024-07-02T17:50:25.574160160+00:00,E11
SME-0092,Step4,2024-07-02T21:19:48.362852813+00:00,E6
SME-0093,Step0,2024-01-01T00:00:00+00:00,E3
SME-0093,Step1,2024-01-01T01:10:10.361774398+00:00,E10
SME-0093,Step2,2024-01-01T04:16:24.525691684+00:00,E5
SME-0093,Step3,2024-01-01T13:42:24.288713941+00:00,E7
SME-0094,Step0,2024-06-23T00:00:00+00:00,E10
SME-0094,Step1,2024-06-23T01:30:10.219076653+00:00,E6
SME-0094,Step2,2024-06-23T11:24:27.197100621+00:00,E6
SME-0094,Step3,2024-06-23T20:41:12.038881468+00:00,E1
SME-0095,Step0,2024-09-26T00:00:00+00:00,E11
SME-0095,Step1,2024-09-26T08:19:31.913316733+00:00,E1
SME-0095,Step2,2024-09-26T12:55:07.500309546+00:00,E4
SME-0095,Step3,2024-09-26T23:20:27.739270927+00:00,E10
SME-0095,Step4,2024-09-27T07:17:39.699643897+00:00,E9
SME-0096,Step0,2024-11-25T00:00:00+00:00,E8
SME-0096,Step1,2024-11-25T03:18:27.282855443+00:00,E4
SME-0096,Step2,2024-11-25T09:46:25.901751843+00:00,E5
SME-0096,Step3,2024-11-25T12:50:02.217008880+00:00,E8
SME-0097,Step0,2024-11-19T00:00:00+00:00,E7
SME-0097,Step1,2024-11-19T05:57:54.914708120+00:00,E2
SME-0097,Step2,2024-11-19T15:46:52.071937206+00:00,E9
SME-0097,Step3,2024-11-20T01:11:12.796028847+00:00,E5
SME-0097,Step4,2024-11-20T04:51:41.490064392+00:00,E11
SME-0098,Step0,2024-01-09T00:00:00+00:00,E1
SME-0098,Step1,2024-01-09T10:27:29.962090849+00:00,E11
SME-0098,Step2,2024-01-09T17:19:46.545013060+00:00,E11
SME-0098,Step3,2024-01-10T02:10:20.930833704+00:00,E2
SME-0098,Step4,2024-01-10T10:58:31.970775995+00:00,E5
SME-0099,Step0,2024-09-06T00:00:00+00:00,E12
SME-0099,Step1,2024-09-06T06:41:09.562090853+00:00,E3
SME-0099,Step2,2024-09-06T17:27:53.196148419+00:00,E7
SME-0099,Step3,2024-09-07T03:43:33.064196911+00:00,E11
SME-0099,Step4,2024-09-07T10:16:46.690921734+00:00,E5
SME-0100,Step0,2024-02-01T00:00:00+00:00,E8
SME-0100,Step1,2024-02-01T10:23:11.070271281+00:00,E11
SME-0100,Step2,2024-02-01T13:21:37.509149211+00:00,E7
SME-0100,Step3,2024-02-01T20:46:04.598317924+00:00,E8
SME-0101,Step0,2024-03-25T00:00:00+00:00,E12
SME-0101,Step1,2024-03-25T11:08:16.073546950+00:00,E7
SME-0101,Step2,2024-03-25T20:32:43.136491129+00:00,E6
SME-0101,Step3,2024-03-26T05:56:46.664640511+00:00,E5
SME-0101,Step4,2024-03-26T08:51:28.697902119+00:00,E5
SME-0101,Step5,2024-03-26T14:06:22.388010265+00:00,E7
SME-0101,Step6,2024-03-27T01:44:30.781333162+00:00,E11
SME-0102,Step0,2024-09-19T00:00:00+00:00,E11
SME-0102,Step1,2024-09-19T05:43:06.026319997+00:00,E4
SME-0102,Step2,2024-09-19T10:37:13.262382253+00:00,E7
SME-0102,Step3,2024-09-19T16:38:30.647617549+00:00,E7
SME-0102,Step4,2024-09-19T17:57:10.772201831+00:00,E12
SME-0102,Step5,2024-09-19T22:41:27.293935759+00:00,E8
SME-0102,Step6,2024-09-20T04:59:55.783767025+00:00,E1
SME-0103,Step0,2024-10-27T00:00:00+00:00,E2
SME-0103,Step1,2024-10-27T09:50:38.076113936+00:00,E3
SME-0103,Step2,2024-10-27T15:06:32.312983042+00:00,E12
SME-0103,Step3,2024-10-28T01:03:55.572712474+00:00,E11
SME-0103,Step4,2024-10-28T09:49:57.458316087+00:00,E3
SME-0103,Step5,2024-10-28T16:49:57.540612908+00:00,E4
SME-0104,Step0,2024-06-09T00:00:00+00:00,E10
SME-0104,Step1,2024-06-09T04:13:55.409189763+00:00,E11
SME-0104,Step2,2024-06-09T12:43:05.688536639+00:00,E2
SME-0105,Step0,2024-09-14T00:00:00+00:00,E7
SME-0105,Step1,2024-09-14T02:09:53.200773248+00:00,E11
SME-0105,Step2,2024-09-14T12:34:25.106719627+00:00,E1
SME-0105,Step3,2024-09-14T19:49:32.609822773+00:00,E12
SME-0105,Step4,2024-09-15T02:21:51.320929816+00:00,E5
SME-0105,Step5,2024-09-15T04:12:38.410694442+00:00,E7
SME-0106,Step0,2024-09-16T00:00:00+00:00,E2
SME-0106,Step1,2024-09-16T05:25:24.827126368+00:00,E9
SME-0106,Step2,2024-09-16T13:48:43.899007053+00:00,E12
SME-0106,Step3,2024-09-16T18:53:35.607934600+00:00,E6
SME-0106,Step4,2024-09-17T06:29:58.385382775+00:00,E11
SME-0106,Step5,2024-09-17T13:14:56.390599328+00:00,E1
SME-0106,Step6,2024-09-17T20:05:35.666014805+00:00,E4
SME-0107,Step0,2024-12-21T00:00:00+00:00,E7
SME-0107,Step1,2024-12-21T08:03:39.499960369+00:00,E2
SME-0107,Step2,2024-12-21T18:07:16.203707027+00:00,E12
SME-0108,Step0,2024-04-27T00:00:00+00:00,E12
SME-0108,Step1,2024-04-27T03:28:36.458659208+00:00,E8
SME-0108,Step2,2024-04-27T12:57:58.640826819+00:00,E9
SME-0108,Step3,2024-04-27T21:47:49.417408812+00:00,E7
SME-0108,Step4,2024-04-28T06:00:21.322972722+00:00,E10
SME-0108,Step5,2024-04-28T17:17:37.977800244+00:00,E5
SME-0109,Step0,2024-09-06T00:00:00+00:00,E7
SME-0109,Step1,2024-09-06T10:24:25.276906579+00:00,E2
SME-0109,Step2,2024-09-06T12:34:56.195423633+00:00,E10
SME-0109,Step3,2024-09-06T22:16:25.256408977+00:00,E3
SME-0109,Step4,2024-09-07T02:17:47.633246010+00:00,E4
SME-0109,Step5,2024-09-07T10:48:44.967339924+00:00,E9
SME-0109,Step6,2024-09-07T20:36:16.057616493+00:00,E1
SME-0110,Step0,2024-08-22T00:00:00+00:00,E2
SME-0110,Step1,2024-08-22T07:11:21.401567821+00:00,E9
SME-0110,Step2,2024-08-22T17:36:50.728086538+00:00,E1
SME-0110,Step3,2024-08-22T22:49:50.176189832+00:00,E9
SME-0110,Step4,2024-08-23T01:38:38.779403880+00:00,E1
SME-0111,Step0,2024-05-18T00:00:00+00:00,E7
SME-0111,Step1,2024-05-18T05:47:42.355396266+00:00,E10
SME-0111,Step2,2024-05-18T13:24:53.426135469+00:00,E6
SME-0111,Step3,2024-05-18T17:37:07.350838514+00:00,E12
SME-0111,Step4,2024-05-18T21:33:41.022945763+00:00,E11
SME-0111,Step5,2024-05-19T01:29:30.427057601+00:00,E6
SME-0111,Step6,2024-05-19T03:13:12.416246509+00:00,E1
SME-0112,Step0,2024-01-16T00:00:00+00:00,E4
SME-0112,Step1,2024-01-16T11:05:01.903759968+00:00,E9
SME-0112,Step2,2024-01-16T13:43:11.765901804+00:00,E1
SME-0113,Step0,2024-02-04T00:00:00+00:00,E6
SME-0113,Step1,2024-02-04T07:11:42.878234479+00:00,E11
SME-0113,Step2,2024-02-04T08:58:10.310913638+00:00,E9
SME-0113,Step3,2024-02-04T14:34:04.259480166+00:00,E10
SME-0113,Step4,2024-02-04T19:53:05.985325462+00:00,E11
SME-0113,Step5,2024-02-04T22:07:49.492804380+00:00,E11
SME-0114,Step0,2024-01-04T00:00:00+00:00,E7
SME-0114,Step1,2024-01-04T07:44:39.737246986+00:00,E7
SME-0114,Step2,2024-01-04T14:17:26.249106790+00:00,E7
SME-0115,Step0,2024-08-17T00:00:00+00:00,E4
SME-0115,Step1,2024-08-17T07:10:07.959313017+00:00,E4
SME-0115,Step2,2024-08-17T13:01:16.352098325+00:00,E6
SME-0115,Step3,2024-08-17T14:28:10.540259746+00:00,E10
SME-0116,Step0,2024-03-09T00:00:00+00:00,E8
SME-0116,Step1,2024-03-09T07:29:52.303383432+00:00,E7
SME-0116,Step2,2024-03-09T15:46:52.555945778+00:00,E9
SME-0116,Step3,2024-03-09T17:59:19.865209041+00:00,E3
SME-0117,Step0,2024-07-07T00:00:00+00:00,E7
SME-0117,Step1,2024-07-07T03:40:48.990960164+00:00,E6
SME-0117,Step2,2024-07-07T09:26:48.199065250+00:00,E8
SME-0117,Step3,2024-07-07T19:44:48.261621612+00:00,E10
SME-0117,Step4,2024-07-08T07:06:29.069222187+00:00,E8
SME-0117,Step5,2024-07-08T09:20:18.620139675+00:00,E4
SME-0118,Step0,2024-10-07T00:00:00+00:00,E4
SME-0118,Step1,2024-10-07T04:51:04.157992526+00:00,E6
SME-0118,Step2,2024-10-07T16:06:30.345917653+00:00,E11
SME-0118,Step3,2024-10-08T01:54:37.971962635+00:00,E1
SME-0119,Step0,2024-06-11T00:00:00+00:00,E11
SME-0119,Step1,2024-06-11T02:23:16.418925390+00:00,E6
SME-0119,Step2,2024-06-11T12:21:59.788420497+00:00,E1
SME-0119,Step3,2024-06-11T14:51:28.179862408+00:00,E11
SME-0119,Step4,2024-06-11T21:33:59.116765316+00:00,E7
SME-0119,Step5,2024-06-12T06:44:45.310802398+00:00,E11
SME-0119,Step6,2024-06-12T10:06:57.585561735+00:00,E11
SME-0120,Step0,2024-04-08T00:00:00+00:00,E8
SME-0120,Step1,2024-04-08T05:01:28.455415567+00:00,E2
SME-0120,Step2,2024-04-08T11:10:32.485251447+00:00,E5
SME-0120,Step3,2024-04-08T15:52:51.859917697+00:00,E11
SME-0121,Step0,2024-05-04T00:00:00+00:00,E11
SME-0121,Step1,2024-05-04T04:26:03.125975702+00:00,E4
SME-0121,Step2,2024-05-04T13:45:19.747010797+00:00,E12
SME-0121,Step3,2024-05-04T23:12:06.163569039+00:00,E5
SME-0121,Step4,2024-05-05T00:23:43.043437540+00:00,E4
SME-0122,Step0,2024-02-17T00:00:00+00:00,E8
SME-0122,Step1,2024-02-17T06:19:07.611431552+00:00,E6
SME-0122,Step2,2024-02-17T08:29:46.574425323+00:00,E4
SME-0122,Step3,2024-02-17T10:33:07.957969480+00:00,E10
SME-0122,Step4,2024-02-17T13:06:35.410547275+00:00,E7
SME-0122,Step5,2024-02-17T16:47:34.257882482+00:00,E5
SME-0122,Step6,2024-02-17T18:27:59.904841704+00:00,E10
SME-0123,Step0,2024-08-07T00:00:00+00:00,E2
SME-0123,Step1,2024-08-07T05:22:08.439709784+00:00,E2
SME-0123,Step2,2024-08-07T15:53:21.252722224+00:00,E10
SME-0124,Step0,2024-09-28T00:00:00+00:00,E2
SME-0124,Step1,2024-09-28T06:26:25.374512900+00:00,E1
SME-0124,Step2,2024-09-28T11:22:32.200839974+00:00,E3
SME-0125,Step0,2024-10-30T00:00:00+00:00,E11
SME-0125,Step1,2024-10-30T09:18:14.053399253+00:00,E9
SME-0125,Step2,2024-10-30T17:52:56.069134185+00:00,E5
SME-0125,Step3,2024-10-31T03:22:11.206914919+00:00,E5
SME-0125,Step4,2024-10-31T08:45:16.009612116+00:00,E9
SME-0126,Step0,2024-02-13T00:00:00+00:00,E7
SME-0126,Step1,2024-02-13T11:52:23.250011232+00:00,E7
SME-0126,Step2,2024-02-13T20:35:33.014734845+00:00,E9
SME-0126,Step3,2024-02-13T21:44:21.870700770+00:00,E12
SME-0127,Step0,2024-02-09T00:00:00+00:00,E2
SME-0127,Step1,2024-02-09T11:33:45.811020038+00:00,E11
SME-0127,Step2,2024-02-09T14:01:42.960494646+00:00,E7
SME-0127,Step3,2024-02-10T00:11:20.297486562+00:00,E1
SME-0127,Step4,2024-02-10T11:59:13.945439367+00:00,E12
SME-0127,Step5,2024-02-10T21:18:31.709555523+00:00,E9
SME-0127,Step6,2024-02-11T04:14:25.742402302+00:00,E9
SME-0128,Step0,2024-09-24T00:00:00+00:00,E10
SME-0128,Step1,2024-09-24T02:10:23.466700798+00:00,E5
SME-0128,Step2,2024-09-24T07:14:33.991209223+00:00,E11
SME-0128,Step3,2024-09-24T14:54:25.966225341+00:00,E7
SME-0129,Step0,2024-01-07T00:00:00+00:00,E12
SME-0129,Step1,2024-01-07T01:54:15.680707203+00:00,E4
SME-0129,Step2,2024-01-07T09:54:16.244574822+00:00,E8
SME-0129,Step3,2024-01-07T14:03:32.876160934+00:00,E12
SME-0129,Step4,2024-01-07T20:47:37.574995086+00:00,E11
SME-0130,Step0,2024-11-26T00:00:00+00:00,E12
SME-0130,Step1,2024-11-26T04:45:46.171740910+00:00,E12
SME-0130,Step2,2024-11-26T14:49:44.588397735+00:00,E12
SME-0130,Step3,2024-11-27T00:30:59.383860993+00:00,E2
SME-0131,Step0,2024-06-26T00:00:00+00:00,E11
SME-0131,Step1,2024-06-26T04:33:09.704303644+00:00,E10
SME-0131,Step2,2024-06-26T07:14:21.959357690+00:00,E3
SME-0131,Step3,2024-06-26T11:06:05.680431948+00:00,E11
SME-0131,Step4,2024-06-26T20:19:53.652793529+00:00,E1
SME-0131,Step5,2024-06-26T21:53:06.969608072+00:00,E8
SME-0132,Step0,2024-04-08T00:00:00+00:00,E10
SME-0132,Step1,2024-04-08T10:47:23.824973625+00:00,E11
SME-0132,Step2,2024-04-08T15:28:19.155088969+00:00,E1
SME-0132,Step3,2024-04-09T02:45:55.282263211+00:00,E11
SME-0132,Step4,2024-04-09T04:26:34.584641147+00:00,E8
SME-0132,Step5,2024-04-09T07:53:14.397326316+00:00,E12
SME-0132,Step6,2024-04-09T16:36:43.397772433+00:00,E7
SME-0133,Step0,2024-10-25T00:00:00+00:00,E8
SME-0133,Step1,2024-10-25T06:16:50.861858835+00:00,E10
SME-0133,Step2,2024-10-25T08:43:29.653262306+00:00,E3
SME-0133,Step3,2024-10-25T13:50:25.078024643+00:00,E6
SME-0133,Step4,2024-10-25T22:29:17.647860250+00:00,E4
SME-0133,Step5,2024-10-26T05:18:51.998736125+00:00,E9
SME-0133,Step6,2024-10-26T13:28:44.279175970+00:00,E4
SME-0134,Step0,2024-10-13T00:00:00+00:00,E11
SME-0134,Step1,2024-10-13T07:00:19.500294678+00:00,E8
SME-0134,Step2,2024-10-13T17:39:35.519702143+00:00,E3
SME-0135,Step0,2024-08-28T00:00:00+00:00,E8
SME-0135,Step1,2024-08-28T04:38:23.711203315+00:00,E8
SME-0135,Step2,2024-08-28T09:27:41.401698644+00:00,E6
SME-0136,Step0,2024-12-16T00:00:00+00:00,E10
SME-0136,Step1,2024-12-16T08:04:10.854354578+00:00,E6
SME-0136,Step2,2024-12-16T12:02:07.354311992+00:00,E4
SME-0137,Step0,2024-09-14T00:00:00+00:00,E12
SME-0137,Step1,2024-09-14T04:33:41.828267929+00:00,E8
SME-0137,Step2,2024-09-14T12:25:00.302493323+00:00,E11
SME-0137,Step3,2024-09-14T14:12:19.389751102+00:00,E8
SME-0137,Step4,2024-09-14T19:01:29.530206336+00:00,E7
SME-0138,Step0,2024-07-24T00:00:00+00:00,E10
SME-0138,Step1,2024-07-24T03:09:40.230713769+00:00,E9
SME-0138,Step2,2024-07-24T07:07:50.744530082+00:00,E6
SME-0138,Step3,2024-07-24T14:31:41.344689696+00:00,E9
SME-0138,Step4,2024-07-24T20:11:40.861673653+00:00,E1
SME-0138,Step5,2024-07-25T03:02:26.777985090+00:00,E8
SME-0139,Step0,2024-10-12T00:00:00+00:00,E5
SME-0139,Step1,2024-10-12T11:48:45.495994922+00:00,E1
SME-0139,Step2,2024-10-12T13:05:33.953152079+00:00,E10
SME-0139,Step3,2024-10-12T16:27:39.948705118+00:00,E1
SME-0140,Step0,2024-02-19T00:00:00+00:00,E12
SME-0140,Step1,2024-02-19T01:08:44.635886947+00:00,E11
SME-0140,Step2,2024-02-19T12:23:34.771760119+00:00,E5
SME-0141,Step0,2024-04-27T00:00:00+00:00,E6
SME-0141,Step1,2024-04-27T03:52:05.377428446+00:00,E10
SME-0141,Step2,2024-04-27T10:16:54.338228013+00:00,E9
SME-0141,Step3,2024-04-27T18:58:00.726047229+00:00,E3
SME-0141,Step4,2024-04-28T05:04:12.565297168+00:00,E10
SME-0141,Step5,2024-04-28T13:18:09.668461098+00:00,E9
SME-0141,Step6,2024-04-28T18:17:52.238933578+00:00,E7
SME-0142,Step0,2024-03-10T00:00:00+00:00,E7
SME-0142,Step1,2024-03-10T01:04:46.435527763+00:00,E11
SME-0142,Step2,2024-03-10T08:51:51.751984774+00:00,E10
SME-0143,Step0,2024-08-05T00:00:00+00:00,E11
SME-0143,Step1,2024-08-05T06:53:45.281545380+00:00,E2
SME-0143,Step2,2024-08-05T15:17:46.599349763+00:00,E10
SME-0143,Step3,2024-08-05T18:33:40.630692227+00:00,E9
SME-0143,Step4,2024-08-06T05:45:14.644346194+00:00,E9
SME-0144,Step0,2024-04-29T00:00:00+00:00,E10
SME-0144,Step1,2024-04-29T08:11:43.987898278+00:00,E10
SME-0144,Step2,2024-04-29T14:16:30.698983618+00:00,E12
SME-0145,Step0,2024-07-25T00:00:00+00:00,E4
SME-0145,Step1,2024-07-25T01:53:28.848193153+00:00,E10
SME-0145,Step2,2024-07-25T04:27:00.203597362+00:00,E12
SME-0145,Step3,2024-07-25T13:57:49.499760870+00:00,E10
SME-0146,Step0,2024-03-13T00:00:00+00:00,E11
SME-0146,Step1,2024-03-13T04:49:27.246335570+00:00,E10
SME-0146,Step2,2024-03-13T14:46:06.921825819+00:00,E12
SME-0146,Step3,2024-03-13T17:17:45.217149792+00:00,E7
SME-0146,Step4,2024-03-13T23:20:25.190905254+00:00,E12
SME-0147,Step0,2024-04-27T00:00:00+00:00,E1
SME-0147,Step1,2024-04-27T05:06:09.919946314+00:00,E7
SME-0147,Step2,2024-04-27T09:46:43.290563990+00:00,E12
SME-0147,Step3,2024-04-27T18:04:05.064681815+00:00,E11
SME-0147,Step4,2024-04-27T22:21:51.862443286+00:00,E7
SME-0147,Step5,2024-04-28T04:30:29.299877755+00:00,E7
SME-0147,Step6,2024-04-28T08:07:17.707456748+00:00,E8
SME-0148,Step0,2024-10-15T00:00:00+00:00,E1
SME-0148,Step1,2024-10-15T01:54:59.443690547+00:00,E3
SME-0148,Step2,2024-10-15T04:17:26.271156010+00:00,E12
SME-0149,Step0,2024-11-04T00:00:00+00:00,E3
SME-0149,Step1,2024-11-04T01:21:43.319861685+00:00,E1
SME-0149,Step2,2024-11-04T05:03:31.041410071+00:00,E3
SME-0149,Step3,2024-11-04T06:30:27.814425228+00:00,E12
SME-0149,Step4,2024-11-04T13:34:32.799901892+00:00,E3
SME-0149,Step5,2024-11-04T18:51:11.320062877+00:00,E8
SME-0150,Step0,2024-09-24T00:00:00+00:00,E8
SME-0150,Step1,2024-09-24T06:39:21.660576466+00:00,E12
SME-0150,Step2,2024-09-24T10:14:06.914125561+00:00,E5
SME-0150,Step3,2024-09-24T15:30:38.682363729+00:00,E6
SME-0151,Step0,2024-02-03T00:00:00+00:00,E1
SME-0151,Step1,2024-02-03T09:53:21.081606275+00:00,E2
SME-0151,Step2,2024-02-03T17:02:23.655809619+00:00,E2
SME-0151,Step3,2024-02-03T18:39:01.205754304+00:00,E4
SME-0151,Step4,2024-02-03T19:57:19.634251315+00:00,E2
SME-0151,Step5,2024-02-03T23:14:07.068325287+00:00,E7
SME-0152,Step0,2024-06-12T00:00:00+00:00,E10
SME-0152,Step1,2024-06-12T09:35:07.146660673+00:00,E2
SME-0152,Step2,2024-06-12T18:20:56.328315751+00:00,E6
SME-0153,Step0,2024-05-14T00:00:00+00:00,E8
SME-0153,Step1,2024-05-14T02:32:32.730944008+00:00,E11
SME-0153,Step2,2024-05-14T14:12:05.416949104+00:00,E4
SME-0153,Step3,2024-05-15T00:49:03.255708614+00:00,E8
SME-0153,Step4,2024-05-15T07:03:59.277263677+00:00,E11
SME-0153,Step5,2024-05-15T16:14:20.632191293+00:00,E8
SME-0154,Step0,2024-06-13T00:00:00+00:00,E12
SME-0154,Step1,2024-06-13T09:56:27.341668561+00:00,E1
SME-0154,Step2,2024-06-13T18:16:24.294333521+00:00,E1
SME-0154,Step3,2024-06-14T05:10:46.482057345+00:00,E5
SME-0155,Step0,2024-04-01T00:00:00+00:00,E10
SME-0155,Step1,2024-04-01T06:17:14.838548315+00:00,E1
SME-0155,Step2,2024-04-01T15:11:45.290883424+00:00,E2
SME-0156,Step0,2024-12-04T00:00:00+00:00,E6
SME-0156,Step1,2024-12-04T05:28:10.089523689+00:00,E2
SME-0156,Step2,2024-12-04T12:57:12.313178549+00:00,E6
SME-0156,Step3,2024-12-04T23:53:06.406923458+00:00,E10
SME-0156,Step4,2024-12-05T07:23:50.534583891+00:00,E9
SME-0156,Step5,2024-12-05T12:58:11.397871440+00:00,E9
SME-0156,Step6,2024-12-05T22:27:17.191899335+00:00,E11
SME-0157,Step0,2024-12-30T00:00:00+00:00,E12
SME-0157,Step1,2024-12-30T10:50:21.839812133+00:00,E12
SME-0157,Step2,2024-12-30T21:26:23.079996186+00:00,E11
SME-0157,Step3,2024-12-31T02:54:32.595827478+00:00,E10
SME-0157,Step4,2024-12-31T09:29:53.224996024+00:00,E4
SME-0157,Step5,2024-12-31T13:25:09.502795751+00:00,E11
SME-0158,Step0,2024-09-25T00:00:00+00:00,E10
SME-0158,Step1,2024-09-25T10:34:25.614342236+00:00,E2
SME-0158,Step2,2024-09-25T22:05:34.931051191+00:00,E1
SME-0158,Step3,2024-09-26T08:52:46.700880128+00:00,E7
SME-0158,Step4,2024-09-26T11:53:26.291504621+00:00,E2
SME-0158,Step5,2024-09-26T22:04:18.394556734+00:00,E12
SME-0159,Step0,2024-11-10T00:00:00+00:00,E9
SME-0159,Step1,2024-11-10T07:27:20.926631209+00:00,E5
SME-0159,Step2,2024-11-10T10:11:33.057621915+00:00,E5
SME-0159,Step3,2024-11-10T19:08:12.969199263+00:00,E11
SME-0159,Step4,2024-11-10T23:52:19.414898976+00:00,E12
SME-0159,Step5,2024-11-11T08:42:30.093539989+00:00,E5
SME-0160,Step0,2024-05-08T00:00:00+00:00,E12
SME-0160,Step1,2024-05-08T04:31:10.456528631+00:00,E4
SME-0160,Step2,2024-05-08T13:13:46.417006149+00:00,E9
SME-0161,Step0,2024-07-14T00:00:00+00:00,E1
SME-0161,Step1,2024-07-14T11:39:06.866192870+00:00,E8
SME-0161,Step2,2024-07-14T21:00:36.798171700+00:00,E10
SME-0162,Step0,2024-11-08T00:00:00+00:00,E11
SME-0162,Step1,2024-11-08T03:08:08.310343619+00:00,E1
SME-0162,Step2,2024-11-08T10:27:53.773147033+00:00,E12
SME-0163,Step0,2024-08-29T00:00:00+00:00,E1
SME-0163,Step1,2024-08-29T05:46:43.287081181+00:00,E5
SME-0163,Step2,2024-08-29T14:16:02.884411033+00:00,E12
SME-0163,Step3,2024-08-29T16:57:40.299882484+00:00,E7
SME-0163,Step4,2024-08-29T18:32:38.534454648+00:00,E5
SME-0163,Step5,2024-08-30T06:30:20.087525570+00:00,E4
SME-0163,Step6,2024-08-30T14:58:08.097923310+00:00,E9
SME-0164,Step0,2024-07-30T00:00:00+00:00,E2
SME-0164,Step1,2024-07-30T01:10:01.537598878+00:00,E3
SME-0164,Step2,2024-07-30T13:03:13.243448827+00:00,E5
SME-0164,Step3,2024-07-30T15:03:40.640557872+00:00,E9
SME-0165,Step0,2024-03-01T00:00:00+00:00,E8
SME-0165,Step1,2024-03-01T05:00:42.597795548+00:00,E4
SME-0165,Step2,2024-03-01T10:43:13.867359625+00:00,E12
SME-0165,Step3,2024-03-01T20:34:07.679409231+00:00,E4
SME-0165,Step4,2024-03-01T23:37:53.325478171+00:00,E4
SME-0165,Step5,2024-03-02T07:53:05.487761679+00:00,E5
SME-0166,Step0,2024-01-09T00:00:00+00:00,E10
SME-0166,Step1,2024-01-09T10:30:17.547981435+00:00,E2
SME-0166,Step2,2024-01-09T16:40:58.628933264+00:00,E9
SME-0166,Step3,2024-01-09T23:46:28.181984942+00:00,E10
SME-0166,Step4,2024-01-10T01:23:04.490186244+00:00,E11
SME-0167,Step0,2024-02-20T00:00:00+00:00,E11
SME-0167,Step1,2024-02-20T02:04:48.002930184+00:00,E8
SME-0167,Step2,2024-02-20T09:52:57.875994784+00:00,E12
SME-0167,Step3,2024-02-20T19:48:22.925737938+00:00,E7
SME-0168,Step0,2024-07-31T00:00:00+00:00,E8
SME-0168,Step1,2024-07-31T08:58:44.411758293+00:00,E2
SME-0168,Step2,2024-07-31T17:32:38.339453408+00:00,E4
SME-0168,Step3,2024-08-01T02:57:33.402420953+00:00,E11
SME-0168,Step4,2024-08-01T08:13:26.518868504+00:00,E12
SME-0168,Step5,2024-08-01T16:26:37.496019233+00:00,E3
SME-0168,Step6,2024-08-01T17:34:28.155484388+00:00,E1
SME-0169,Step0,2024-01-20T00:00:00+00:00,E12
SME-0169,Step1,2024-01-20T01:46:21.981542960+00:00,E3
SME-0169,Step2,2024-01-20T06:17:06.122596860+00:00,E10
SME-0169,Step3,2024-01-20T17:10:43.605345457+00:00,E2
SME-0169,Step4,2024-01-21T01:17:18.514078814+00:00,E5
SME-0170,Step0,2024-05-27T00:00:00+00:00,E10
SME-0170,Step1,2024-05-27T08:49:58.893768036+00:00,E8
SME-0170,Step2,2024-05-27T15:47:35.278124477+00:00,E9
SME-0170,Step3,2024-05-28T03:29:25.946406153+00:00,E6
SME-0170,Step4,2024-05-28T10:46:50.296203687+00:00,E6
SME-0170,Step5,2024-05-28T12:48:35.907012782+00:00,E5
SME-0171,Step0,2024-06-18T00:00:00+00:00,E12
SME-0171,Step1,2024-06-18T01:01:57.855021279+00:00,E12
SME-0171,Step2,2024-06-18T09:30:01.917420828+00:00,E6
SME-0171,Step3,2024-06-18T12:53:55.375425634+00:00,E1
SME-0171,Step4,2024-06-18T16:12:24.326548643+00:00,E9
SME-0171,Step5,2024-06-18T21:34:19.295548811+00:00,E8
SME-0171,Step6,2024-06-19T01:17:00.048052676+00:00,E7
SME-0172,Step0,2024-12-14T00:00:00+00:00,E4
SME-0172,Step1,2024-12-14T03:04:33.344020578+00:00,E11
SME-0172,Step2,2024-12-14T05:45:51.490715289+00:00,E6
SME-0172,Step3,2024-12-14T10:01:10.893967694+00:00,E11
SME-0173,Step0,2024-12-25T00:00:00+00:00,E1
SME-0173,Step1,2024-12-25T06:42:36.191572905+00:00,E9
SME-0173,Step2,2024-12-25T18:15:00.910777887+00:00,E2
SME-0173,Step3,2024-12-25T23:23:46.289845168+00:00,E6
SME-0173,Step4,2024-12-26T05:59:10.216434604+00:00,E2
SME-0173,Step5,2024-12-26T10:41:05.245271942+00:00,E6
SME-0173,Step6,2024-12-26T14:25:15.617264153+00:00,E8
SME-0174,Step0,2024-11-27T00:00:00+00:00,E1
SME-0174,Step1,2024-11-27T03:32:28.794606635+00:00,E12
SME-0174,Step2,2024-11-27T12:35:21.391520739+00:00,E2
SME-0174,Step3,2024-11-27T19:13:56.948288094+00:00,E3
SME-0174,Step4,2024-11-27T20:28:10.229074941+00:00,E10
SME-0174,Step5,2024-11-27T23:45:26.488352038+00:00,E12
SME-0174,Step6,2024-11-28T10:34:22.253061363+00:00,E3
SME-0175,Step0,2024-06-16T00:00:00+00:00,E11
SME-0175,Step1,2024-06-16T11:09:45.822799650+00:00,E8
SME-0175,Step2,2024-06-16T19:38:50.234277246+00:00,E5
SME-0175,Step3,2024-06-17T01:36:17.213341590+00:00,E7
SME-0175,Step4,2024-06-17T07:28:04.828637471+00:00,E8
SME-0175,Step5,2024-06-17T11:32:09.407816206+00:00,E1
SME-0175,Step6,2024-06-17T17:52:21.122530926+00:00,E4
SME-0176,Step0,2024-05-28T00:00:00+00:00,E10
SME-0176,Step1,2024-05-28T07:18:00.165663996+00:00,E1
SME-0176,Step2,2024-05-28T11:59:44.459527849+00:00,E12
SME-0177,Step0,2024-11-02T00:00:00+00:00,E11
SME-0177,Step1,2024-11-02T02:36:05.654666680+00:00,E4
SME-0177,Step2,2024-11-02T06:11:22.012510104+00:00,E2
SME-0177,Step3,2024-11-02T15:36:00.969680795+00:00,E10
SME-0177,Step4,2024-11-02T20:12:31.387211801+00:00,E11
SME-0177,Step5,2024-11-03T06:40:21.413785942+00:00,E1
SME-0177,Step6,2024-11-03T11:56:29.402744461+00:00,E12
SME-0178,Step0,2024-08-06T00:00:00+00:00,E5
SME-0178,Step1,2024-08-06T07:35:05.754712783+00:00,E4
SME-0178,Step2,2024-08-06T18:23:19.297310989+00:00,E3
SME-0178,Step3,2024-08-07T00:31:47.367028196+00:00,E8
SME-0178,Step4,2024-08-07T09:43:44.969053852+00:00,E7
SME-0178,Step5,2024-08-07T17:41:37.454209406+00:00,E12
SME-0179,Step0,2024-08-22T00:00:00+00:00,E10
SME-0179,Step1,2024-08-22T10:17:50.784455937+00:00,E12
SME-0179,Step2,2024-08-22T16:30:24.856032792+00:00,E9
SME-0179,Step3,2024-08-23T01:35:45.092890452+00:00,E10
SME-0180,Step0,2024-06-27T00:00:00+00:00,E4
SME-0180,Step1,2024-06-27T10:12:10.566126029+00:00,E6
SME-0180,Step2,2024-06-27T16:22:29.100334456+00:00,E5
SME-0181,Step0,2024-02-10T00:00:00+00:00,E1
SME-0181,Step1,2024-02-10T08:01:33.241478808+00:00,E12
SME-0181,Step2,2024-02-10T12:16:44.098807246+00:00,E3
SME-0181,Step3,2024-02-10T14:50:03.160946690+00:00,E7
SME-0181,Step4,2024-02-10T20:17:53.694096201+00:00,E6
SME-0182,Step0,2024-07-26T00:00:00+00:00,E4
SME-0182,Step1,2024-07-26T08:51:09.592696532+00:00,E2
SME-0182,Step2,2024-07-26T11:29:23.312552288+00:00,E11
SME-0183,Step0,2024-02-10T00:00:00+00:00,E2
SME-0183,Step1,2024-02-10T03:30:54.582303120+00:00,E2
SME-0183,Step2,2024-02-10T11:25:09.449139563+00:00,E3
SME-0183,Step3,2024-02-10T14:45:44.651256537+00:00,E8
SME-0183,Step4,2024-02-11T01:49:16.847373927+00:00,E2
SME-0184,Step0,2024-02-12T00:00:00+00:00,E7
SME-0184,Step1,2024-02-12T05:55:51.435413818+00:00,E1
SME-0184,Step2,2024-02-12T17:35:45.511222131+00:00,E10
SME-0184,Step3,2024-02-13T01:07:36.219577629+00:00,E5
SME-0184,Step4,2024-02-13T04:21:49.566065286+00:00,E4
SME-0184,Step5,2024-02-13T08:03:43.589315443+00:00,E11
SME-0184,Step6,2024-02-13T16:59:25.757745742+00:00,E6
SME-0185,Step0,2024-03-08T00:00:00+00:00,E10
SME-0185,Step1,2024-03-08T10:44:42.886524501+00:00,E4
SME-0185,Step2,2024-03-08T15:04:17.282166057+00:00,E10
SME-0185,Step3,2024-03-09T02:03:46.524191145+00:00,E5
SME-0185,Step4,2024-03-09T09:24:30.597853345+00:00,E1
SME-0185,Step5,2024-03-09T18:56:37.756471115+00:00,E11
SME-0185,Step6,2024-03-09T23:28:49.752402472+00:00,E1
SME-0186,Step0,2024-12-13T00:00:00+00:00,E1
SME-0186,Step1,2024-12-13T04:55:38.908952962+00:00,E12
SME-0186,Step2,2024-12-13T08:56:55.187136350+00:00,E11
SME-0186,Step3,2024-12-13T16:05:45.833593017+00:00,E9
SME-0186,Step4,2024-12-13T17:22:03.843380879+00:00,E9
SME-0186,Step5,2024-12-13T18:27:45.837263824+00:00,E3
SME-0187,Step0,2024-12-09T00:00:00+00:00,E6
SME-0187,Step1,2024-12-09T06:45:56.080375425+00:00,E5
SME-0187,Step2,2024-12-09T18:12:13.119603286+00:00,E3
SME-0188,Step0,2024-01-02T00:00:00+00:00,E2
SME-0188,Step1,2024-01-02T08:22:53.464136039+00:00,E8
SME-0188,Step2,2024-01-02T19:27:05.500355867+00:00,E7
SME-0188,Step3,2024-01-02T22:09:04.809047895+00:00,E4
SME-0188,Step4,2024-01-03T08:25:52.713429952+00:00,E9
SME-0188,Step5,2024-01-03T14:22:18.406364876+00:00,E3
SME-0189,Step0,2024-07-23T00:00:00+00:00,E5
SME-0189,Step1,2024-07-23T03:27:46.522524301+00:00,E8
SME-0189,Step2,2024-07-23T09:50:52.511265887+00:00,E11
SME-0189,Step3,2024-07-23T13:27:54.499672179+00:00,E1
SME-0189,Step4,2024-07-23T21:12:44.693872016+00:00,E3
SME-0190,Step0,2024-08-07T00:00:00+00:00,E8
SME-0190,Step1,2024-08-07T03:58:00.966398894+00:00,E11
SME-0190,Step2,2024-08-07T15:54:54.044640977+00:00,E6
SME-0191,Step0,2024-07-30T00:00:00+00:00,E5
SME-0191,Step1,2024-07-30T06:23:51.551079362+00:00,E9
SME-0191,Step2,2024-07-30T17:50:39.927780935+00:00,E2
SME-0191,Step3,2024-07-30T20:23:58.791374486+00:00,E12
SME-0191,Step4,2024-07-31T05:47:12.973334609+00:00,E7
SME-0191,Step5,2024-07-31T14:52:00.632211456+00:00,E8
SME-0192,Step0,2024-10-21T00:00:00+00:00,E11
SME-0192,Step1,2024-10-21T04:44:36.950884474+00:00,E6
SME-0192,Step2,2024-10-21T06:41:12.892145743+00:00,E1
SME-0192,Step3,2024-10-21T18:20:49.722081400+00:00,E11
SME-0192,Step4,2024-10-21T23:01:28.617821118+00:00,E10
SME-0192,Step5,2024-10-22T08:50:42.292361820+00:00,E3
SME-0193,Step0,2024-02-15T00:00:00+00:00,E1
SME-0193,Step1,2024-02-15T10:17:41.156329649+00:00,E11
SME-0193,Step2,2024-02-15T14:31:59.517506825+00:00,E4
SME-0193,Step3,2024-02-15T19:24:43.499568933+00:00,E10
SME-0193,Step4,2024-02-15T21:37:06.118838179+00:00,E8
SME-0193,Step5,2024-02-16T07:35:46.113080369+00:00,E7
SME-0194,Step0,2024-07-02T00:00:00+00:00,E5
SME-0194,Step1,2024-07-02T11:04:23.936821607+00:00,E11
SME-0194,Step2,2024-07-02T13:17:15.777517755+00:00,E8
SME-0195,Step0,2024-10-07T00:00:00+00:00,E10
SME-0195,Step1,2024-10-07T11:12:37.162566722+00:00,E5
SME-0195,Step2,2024-10-07T23:04:03.672206007+00:00,E12
SME-0195,Step3,2024-10-08T07:16:43.836986998+00:00,E5
SME-0196,Step0,2024-04-11T00:00:00+00:00,E10
SME-0196,Step1,2024-04-11T04:14:51.237672660+00:00,E9
SME-0196,Step2,2024-04-11T09:49:41.276802228+00:00,E3
SME-0196,Step3,2024-04-11T21:09:44.468852794+00:00,E6
SME-0196,Step4,2024-04-12T05:16:52.239935296+00:00,E5
SME-0196,Step5,2024-04-12T16:41:43.317650008+00:00,E3
SME-0196,Step6,2024-04-12T22:07:00.991471099+00:00,E8
SME-0197,Step0,2024-09-07T00:00:00+00:00,E8
SME-0197,Step1,2024-09-07T06:15:32.968351133+00:00,E8
SME-0197,Step2,2024-09-07T07:33:40.268847043+00:00,E4
SME-0197,Step3,2024-09-07T17:31:09.261514777+00:00,E6
SME-0197,Step4,2024-09-08T01:57:10.128036711+00:00,E2
SME-0197,Step5,2024-09-08T11:19:55.543039306+00:00,E2
SME-0197,Step6,2024-09-08T19:13:37.289607220+00:00,E1
SME-0198,Step0,2024-12-12T00:00:00+00:00,E6
SME-0198,Step1,2024-12-12T05:36:53.018547574+00:00,E7
SME-0198,Step2,2024-12-12T10:58:46.964084427+00:00,E2
SME-0198,Step3,2024-12-12T14:43:18.178352058+00:00,E8
SME-0198,Step4,2024-12-12T19:18:36.931611725+00:00,E7
SME-0199,Step0,2024-01-24T00:00:00+00:00,E11
SME-0199,Step1,2024-01-24T04:02:38.440735416+00:00,E3
SME-0199,Step2,2024-01-24T14:17:56.373623611+00:00,E9
SME-0199,Step3,2024-01-24T16:37:32.269720331+00:00,E1
SME-0200,Step0,2024-09-28T00:00:00+00:00,E3
SME-0200,Step1,2024-09-28T07:16:49.825673195+00:00,E3
SME-0200,Step2,2024-09-28T14:25:26.966391279+00:00,E10
SME-0200,Step3,2024-09-28T15:37:34.248528122+00:00,E1
SME-0200,Step4,2024-09-28T21:11:39.693034809+00:00,E11
SME-0201,Step0,2024-10-04T00:00:00+00:00,E1
SME-0201,Step1,2024-10-04T01:02:43.145196494+00:00,E8
SME-0201,Step2,2024-10-04T06:05:58.008976054+00:00,E12
SME-0202,Step0,2024-06-05T00:00:00+00:00,E12
SME-0202,Step1,2024-06-05T07:53:47.789131088+00:00,E1
SME-0202,Step2,2024-06-05T13:05:55.091830591+00:00,E4
SME-0202,Step3,2024-06-05T17:32:12.431633409+00:00,E1
SME-0202,Step4,2024-06-06T03:09:06.747325974+00:00,E6
SME-0202,Step5,2024-06-06T10:26:32.372932867+00:00,E1
SME-0202,Step6,2024-06-06T22:11:28.287630893+00:00,E8
SME-0203,Step0,2024-06-07T00:00:00+00:00,E6
SME-0203,Step1,2024-06-07T05:27:50.490620092+00:00,E1
SME-0203,Step2,2024-06-07T15:53:00.265574199+00:00,E11
SME-0203,Step3,2024-06-08T00:20:11.073636608+00:00,E6
SME-0203,Step4,2024-06-08T03:21:49.397310991+00:00,E4
SME-0204,Step0,2024-06-06T00:00:00+00:00,E4
SME-0204,Step1,2024-06-06T02:56:05.869014893+00:00,E1
SME-0204,Step2,2024-06-06T06:09:07.269554115+00:00,E6
SME-0204,Step3,2024-06-06T11:15:54.437332567+00:00,E8
SME-0205,Step0,2024-01-03T00:00:00+00:00,E10
SME-0205,Step1,2024-01-03T08:31:48.917410348+00:00,E7
SME-0205,Step2,2024-01-03T14:56:23.669962367+00:00,E2
SME-0205,Step3,2024-01-03T17:54:21.875829441+00:00,E9
SME-0205,Step4,2024-01-03T20:53:14.006190868+00:00,E10
SME-0205,Step5,2024-01-04T00:10:41.240480038+00:00,E5
SME-0205,Step6,2024-01-04T05:57:46.958476003+00:00,E12
SME-0206,Step0,2024-03-02T00:00:00+00:00,E7
SME-0206,Step1,2024-03-02T06:49:13.536938152+00:00,E11
SME-0206,Step2,2024-03-02T18:20:41.899292451+00:00,E8
SME-0206,Step3,2024-03-03T03:31:22.462325540+00:00,E12
SME-0207,Step0,2024-04-22T00:00:00+00:00,E4
SME-0207,Step1,2024-04-22T04:13:37.303255768+00:00,E6
SME-0207,Step2,2024-04-22T07:23:25.847927156+00:00,E6
SME-0207,Step3,2024-04-22T12:33:38.122715451+00:00,E3
SME-0208,Step0,2024-05-02T00:00:00+00:00,E6
SME-0208,Step1,2024-05-02T02:05:05.306484634+00:00,E3
SME-0208,Step2,2024-05-02T03:30:54.935040126+00:00,E11
SME-0208,Step3,2024-05-02T09:19:33.019106765+00:00,E2
SME-0208,Step4,2024-05-02T16:22:59.523995151+00:00,E11
SME-0208,Step5,2024-05-02T22:08:54.837284258+00:00,E5
SME-0209,Step0,2024-04-18T00:00:00+00:00,E12
SME-0209,Step1,2024-04-18T02:05:13.197694962+00:00,E7
SME-0209,Step2,2024-04-18T07:49:04.350216017+00:00,E1
SME-0209,Step3,2024-04-18T15:48:18.162684670+00:00,E11
SME-0209,Step4,2024-04-18T21:09:23.468159055+00:00,E6
SME-0210,Step0,2024-03-16T00:00:00+00:00,E6
SME-0210,Step1,2024-03-16T06:27:13.261799931+00:00,E10
SME-0210,Step2,2024-03-16T10:23:56.364759294+00:00,E1
SME-0210,Step3,2024-03-16T14:47:01.358278074+00:00,E4
SME-0210,Step4,2024-03-16T18:41:27.430978881+00:00,E7
SME-0211,Step0,2024-04-21T00:00:00+00:00,E3
SME-0211,Step1,2024-04-21T03:58:33.126239534+00:00,E7
SME-0211,Step2,2024-04-21T07:49:12.805256609+00:00,E4
SME-0212,Step0,2024-03-11T00:00:00+00:00,E3
SME-0212,Step1,2024-03-11T10:13:58.259590441+00:00,E4
SME-0212,Step2,2024-03-11T20:20:42.813218088+00:00,E5
SME-0212,Step3,2024-03-12T05:31:17.477703190+00:00,E3
SME-0212,Step4,2024-03-12T14:48:39.647414626+00:00,E2
SME-0212,Step5,2024-03-12T17:04:38.124355756+00:00,E12
SME-0212,Step6,2024-03-13T03:20:25.071348011+00:00,E8
SME-0213,Step0,2024-02-04T00:00:00+00:00,E6
SME-0213,Step1,2024-02-04T03:23:38.604912724+00:00,E1
SME-0213,Step2,2024-02-04T05:36:35.466169228+00:00,E12
SME-0213,Step3,2024-02-04T17:31:08.563929966+00:00,E9
SME-0214,Step0,2024-01-08T00:00:00+00:00,E2
SME-0214,Step1,2024-01-08T07:00:00.669511547+00:00,E2
SME-0214,Step2,2024-01-08T11:11:06.975680955+00:00,E6
SME-0214,Step3,2024-01-08T12:44:29.515811939+00:00,E3
SME-0215,Step0,2024-03-24T00:00:00+00:00,E12
SME-0215,Step1,2024-03-24T10:27:29.301206582+00:00,E2
SME-0215,Step2,2024-03-24T19:42:38.224717176+00:00,E11
SME-0215,Step3,2024-03-25T00:58:35.320949105+00:00,E9
SME-0215,Step4,2024-03-25T09:34:16.076643975+00:00,E8
SME-0215,Step5,2024-03-25T21:09:16.283216463+00:00,E1
SME-0215,Step6,2024-03-26T00:43:44.754834276+00:00,E7
SME-0216,Step0,2024-02-21T00:00:00+00:00,E2
SME-0216,Step1,2024-02-21T08:24:05.422077997+00:00,E9
SME-0216,Step2,2024-02-21T09:29:48.536028626+00:00,E5
SME-0216,Step3,2024-02-21T11:09:39.032475607+00:00,E6
SME-0217,Step0,2024-09-05T00:00:00+00:00,E4
SME-0217,Step1,2024-09-05T08:17:40.010852207+00:00,E6
SME-0217,Step2,2024-09-05T10:27:18.016833990+00:00,E3
SME-0217,Step3,2024-09-05T17:45:01.805988978+00:00,E6
SME-0217,Step4,2024-09-05T22:39:39.354002100+00:00,E8
SME-0218,Step0,2024-03-20T00:00:00+00:00,E8
SME-0218,Step1,2024-03-20T07:57:37.459115002+00:00,E4
SME-0218,Step2,2024-03-20T16:13:38.190537471+00:00,E2
SME-0219,Step0,2024-02-07T00:00:00+00:00,E11
SME-0219,Step1,2024-02-07T01:05:32.105998146+00:00,E12
SME-0219,Step2,2024-02-07T05:57:12.164475867+00:00,E11
SME-0220,Step0,2024-02-27T00:00:00+00:00,E10
SME-0220,Step1,2024-02-27T04:57:42.880682663+00:00,E3
SME-0220,Step2,2024-02-27T08:00:54.367021936+00:00,E9
SME-0220,Step3,2024-02-27T14:58:34.235592246+00:00,E11
SME-0220,Step4,2024-02-27T23:53:57.718390310+00:00,E9
SME-0220,Step5,2024-02-28T02:48:14.087107058+00:00,E10
SME-0220,Step6,2024-02-28T07:19:21.069853583+00:00,E1
SME-0221,Step0,2024-06-19T00:00:00+00:00,E9
SME-0221,Step1,2024-06-19T07:13:38.207106033+00:00,E6
SME-0221,Step2,2024-06-19T12:49:10.241781891+00:00,E7
SME-0221,Step3,2024-06-19T19:31:08.171600790+00:00,E4
SME-0221,Step4,2024-06-19T21:51:33.847926492+00:00,E4
SME-0222,Step0,2024-09-30T00:00:00+00:00,E6
SME-0222,Step1,2024-09-30T03:27:43.782490251+00:00,E11
SME-0222,Step2,2024-09-30T08:09:45.672145652+00:00,E10
SME-0223,Step0,2024-01-13T00:00:00+00:00,E5
SME-0223,Step1,2024-01-13T04:32:13.603128206+00:00,E6
SME-0223,Step2,2024-01-13T16:17:13.933350480+00:00,E1
SME-0223,Step3,2024-01-14T03:23:03.015127051+00:00,E8
SME-0223,Step4,2024-01-14T07:27:31.628907439+00:00,E1
SME-0224,Step0,2024-01-29T00:00:00+00:00,E3
SME-0224,Step1,2024-01-29T04:48:46.187584777+00:00,E9
SME-0224,Step2,2024-01-29T08:41:56.020670709+00:00,E5
SME-0224,Step3,2024-01-29T10:26:30.277369442+00:00,E7
SME-0224,Step4,2024-01-29T16:59:59.012069757+00:00,E4
SME-0224,Step5,2024-01-29T19:49:38.247100455+00:00,E11
SME-0224,Step6,2024-01-30T04:46:24.108166318+00:00,E5
SME-0225,Step0,2024-11-22T00:00:00+00:00,E4
SME-0225,Step1,2024-11-22T05:29:48.799266467+00:00,E6
SME-0225,Step2,2024-11-22T16:33:26.448979688+00:00,E11
SME-0226,Step0,2024-01-31T00:00:00+00:00,E11
SME-0226,Step1,2024-01-31T08:51:30.753966440+00:00,E1
SME-0226,Step2,2024-01-31T18:11:14.588393689+00:00,E9
SME-0227,Step0,2024-03-30T00:00:00+00:00,E5
SME-0227,Step1,2024-03-30T02:04:22.152208049+00:00,E2
SME-0227,Step2,2024-03-30T06:09:19.549565149+00:00,E1
SME-0227,Step3,2024-03-30T11:50:12.627095115+00:00,E12
SME-0227,Step4,2024-03-30T15:51:04.765984439+00:00,E11
SME-0228,Step0,2024-07-14T00:00:00+00:00,E2
SME-0228,Step1,2024-07-14T04:51:51.348109720+00:00,E9
SME-0228,Step2,2024-07-14T07:41:12.812298649+00:00,E3
SME-0228,Step3,2024-07-14T12:49:55.608211768+00:00,E3
SME-0229,Step0,2024-08-17T00:00:00+00:00,E3
SME-0229,Step1,2024-08-17T04:03:29.911806790+00:00,E6
SME-0229,Step2,2024-08-17T05:41:56.145112373+00:00,E4
SME-0230,Step0,2024-11-10T00:00:00+00:00,E11
SME-0230,Step1,2024-11-10T06:19:34.491631121+00:00,E12
SME-0230,Step2,2024-11-10T07:43:06.278332524+00:00,E2
SME-0230,Step3,2024-11-10T13:49:46.262938677+00:00,E5
SME-0230,Step4,2024-11-10T18:32:59.852613316+00:00,E4
SME-0230,Step5,2024-11-10T21:19:44.794927223+00:00,E8
SME-0230,Step6,2024-11-11T00:06:52.613215689+00:00,E4
SME-0231,Step0,2024-01-26T00:00:00+00:00,E6
SME-0231,Step1,2024-01-26T02:47:30.661895972+00:00,E12
SME-0231,Step2,2024-01-26T05:59:07.507914708+00:00,E7
SME-0231,Step3,2024-01-26T11:35:18.974883283+00:00,E8
SME-0232,Step0,2024-09-29T00:00:00+00:00,E8
SME-0232,Step1,2024-09-29T10:35:36.331741792+00:00,E12
SME-0232,Step2,2024-09-29T15:48:04.482108186+00:00,E11
SME-0232,Step3,2024-09-29T20:34:21.990496095+00:00,E5
SME-0233,Step0,2024-10-29T00:00:00+00:00,E9
SME-0233,Step1,2024-10-29T06:33:23.678896739+00:00,E8
SME-0233,Step2,2024-10-29T18:11:00.932090084+00:00,E10
SME-0233,Step3,2024-10-29T19:19:54.246671168+00:00,E1
SME-0233,Step4,2024-10-30T01:04:47.363902270+00:00,E10
SME-0234,Step0,2024-08-06T00:00:00+00:00,E11
SME-0234,Step1,2024-08-06T07:12:58.258328830+00:00,E5
SME-0234,Step2,2024-08-06T08:47:34.841339768+00:00,E9
SME-0234,Step3,2024-08-06T19:02:07.767626217+00:00,E2
SME-0234,Step4,2024-08-06T21:31:23.807731599+00:00,E8
SME-0234,Step5,2024-08-07T05:44:54.648210720+00:00,E2
SME-0234,Step6,2024-08-07T15:20:17.230957901+00:00,E5
SME-0235,Step0,2024-11-02T00:00:00+00:00,E1
SME-0235,Step1,2024-11-02T10:32:11.630250097+00:00,E5
SME-0235,Step2,2024-11-02T11:35:41.072395917+00:00,E10
SME-0235,Step3,2024-11-02T17:53:51.663107851+00:00,E2
SME-0235,Step4,2024-11-02T23:42:55.148782209+00:00,E5
SME-0236,Step0,2024-02-21T00:00:00+00:00,E9
SME-0236,Step1,2024-02-21T05:59:34.786832180+00:00,E11
SME-0236,Step2,2024-02-21T14:52:35.699463287+00:00,E4
SME-0236,Step3,2024-02-21T16:43:16.308923325+00:00,E12
SME-0236,Step4,2024-02-21T22:02:34.747151697+00:00,E2
SME-0236,Step5,2024-02-22T05:57:14.063875471+00:00,E12
SME-0236,Step6,2024-02-22T12:41:15.087176042+00:00,E4
SME-0237,Step0,2024-10-26T00:00:00+00:00,E8
SME-0237,Step1,2024-10-26T11:57:54.187476932+00:00,E4
SME-0237,Step2,2024-10-26T19:10:08.869216023+00:00,E2
SME-0237,Step3,2024-10-26T22:11:18.179930499+00:00,E2
SME-0237,Step4,2024-10-27T08:39:08.485000936+00:00,E8
SME-0238,Step0,2024-03-06T00:00:00+00:00,E2
SME-0238,Step1,2024-03-06T05:53:06.316340384+00:00,E9
SME-0238,Step2,2024-03-06T12:12:54.774153808+00:00,E7
SME-0238,Step3,2024-03-06T18:06:57.678184607+00:00,E1
SME-0238,Step4,2024-03-06T23:53:39.042679664+00:00,E9
SME-0238,Step5,2024-03-07T07:30:14.749310383+00:00,E8
SME-0238,Step6,2024-03-07T19:23:17.454214337+00:00,E8
SME-0239,Step0,2024-02-03T00:00:00+00:00,E6
SME-0239,Step1,2024-02-03T11:03:08.817062308+00:00,E9
SME-0239,Step2,2024-02-03T12:26:56.810526761+00:00,E10
SME-0239,Step3,2024-02-04T00:11:58.814104864+00:00,E1
SME-0240,Step0,2024-07-18T00:00:00+00:00,E5
SME-0240,Step1,2024-07-18T02:10:03.294579686+00:00,E5
SME-0240,Step2,2024-07-18T07:35:51.527459756+00:00,E2
SME-0240,Step3,2024-07-18T17:37:08.300471286+00:00,E9
SME-0240,Step4,2024-07-19T04:00:41.531499459+00:00,E8
SME-0240,Step5,2024-07-19T15:47:36.734524742+00:00,E1
SME-0241,Step0,2024-07-07T00:00:00+00:00,E9
SME-0241,Step1,2024-07-07T08:47:26.003639877+00:00,E3
SME-0241,Step2,2024-07-07T10:07:25.612676346+00:00,E5
SME-0242,Step0,2024-07-23T00:00:00+00:00,E4
SME-0242,Step1,2024-07-23T08:34:07.795151789+00:00,E2
SME-0242,Step2,2024-07-23T16:39:10.826945378+00:00,E11
SME-0242,Step3,2024-07-24T00:59:08.233464904+00:00,E6
SME-0242,Step4,2024-07-24T06:32:45.795345226+00:00,E1
SME-0243,Step0,2024-01-14T00:00:00+00:00,E11
SME-0243,Step1,2024-01-14T05:12:35.194165363+00:00,E12
SME-0243,Step2,2024-01-14T16:29:02.340738143+00:00,E2
SME-0244,Step0,2024-12-24T00:00:00+00:00,E12
SME-0244,Step1,2024-12-24T10:20:34.192512333+00:00,E6
SME-0244,Step2,2024-12-24T21:38:13.591401753+00:00,E6
SME-0244,Step3,2024-12-25T07:09:22.056747050+00:00,E3
SME-0245,Step0,2024-08-26T00:00:00+00:00,E12
SME-0245,Step1,2024-08-26T05:25:17.198441908+00:00,E1
SME-0245,Step2,2024-08-26T16:14:34.859787654+00:00,E8
SME-0245,Step3,2024-08-26T18:13:21.369970680+00:00,E1
SME-0245,Step4,2024-08-27T04:51:04.693717912+00:00,E7
SME-0246,Step0,2024-04-23T00:00:00+00:00,E6
SME-0246,Step1,2024-04-23T04:11:36.058549773+00:00,E1
SME-0246,Step2,2024-04-23T10:33:16.488385489+00:00,E10
SME-0246,Step3,2024-04-23T16:24:58.166583024+00:00,E7
SME-0246,Step4,2024-04-23T21:31:11.090387700+00:00,E12
SME-0246,Step5,2024-04-24T06:17:51.473111073+00:00,E4
SME-0247,Step0,2024-02-28T00:00:00+00:00,E1
SME-0247,Step1,2024-02-28T06:02:37.387503147+00:00,E12
SME-0247,Step2,2024-02-28T13:37:44.398047291+00:00,E11
SME-0248,Step0,2024-01-29T00:00:00+00:00,E12
SME-0248,Step1,2024-01-29T08:23:59.888624502+00:00,E10
SME-0248,Step2,2024-01-29T11:30:22.161858113+00:00,E7
SME-0249,Step0,2024-12-10T00:00:00+00:00,E7
SME-0249,Step1,2024-12-10T05:37:48.187629118+00:00,E3
SME-0249,Step2,2024-12-10T13:18:08.325256354+00:00,E6
SME-0249,Step3,2024-12-10T17:47:41.727436675+00:00,E10
SME-0249,Step4,2024-12-10T22:11:05.510161868+00:00,E2
SME-0249,Step5,2024-12-11T01:21:18.751586112+00:00,E2
SME-0250,Step0,2024-07-18T00:00:00+00:00,E1
SME-0250,Step1,2024-07-18T05:29:16.488737502+00:00,E12
SME-0250,Step2,2024-07-18T11:10:34.567307506+00:00,E5
SME-0250,Step3,2024-07-18T20:31:58.100120669+00:00,E8
SME-0251,Step0,2024-08-18T00:00:00+00:00,E1
SME-0251,Step1,2024-08-18T03:28:30.039338107+00:00,E5
SME-0251,Step2,2024-08-18T13:42:29.463392066+00:00,E10
SME-0251,Step3,2024-08-18T22:53:06.791780541+00:00,E8
SME-0251,Step4,2024-08-19T05:23:26.670540301+00:00,E3
SME-0251,Step5,2024-08-19T11:30:41.048836561+00:00,E2
SME-0251,Step6,2024-08-19T16:34:15.789363162+00:00,E1
SME-0252,Step0,2024-09-25T00:00:00+00:00,E2
SME-0252,Step1,2024-09-25T08:04:41.608306075+00:00,E1
SME-0252,Step2,2024-09-25T13:01:23.801616221+00:00,E5
SME-0252,Step3,2024-09-26T00:09:57.360263298+00:00,E3
SME-0252,Step4,2024-09-26T10:30:49.056666500+00:00,E6
SME-0252,Step5,2024-09-26T15:58:36.898005004+00:00,E2
SME-0252,Step6,2024-09-27T03:48:38.312183188+00:00,E9
SME-0253,Step0,2024-09-09T00:00:00+00:00,E3
SME-0253,Step1,2024-09-09T05:04:33.129930397+00:00,E10
SME-0253,Step2,2024-09-09T09:59:53.097203004+00:00,E1
SME-0253,Step3,2024-09-09T12:47:48.208761169+00:00,E7
SME-0253,Step4,2024-09-09T21:34:11.603426901+00:00,E3
SME-0253,Step5,2024-09-10T01:26:11.192138111+00:00,E10
SME-0253,Step6,2024-09-10T02:34:35.452531655+00:00,E12
SME-0254,Step0,2024-04-30T00:00:00+00:00,E3
SME-0254,Step1,2024-04-30T10:47:49.571386654+00:00,E4
SME-0254,Step2,2024-04-30T19:14:14.679745439+00:00,E11
SME-0255,Step0,2024-07-08T00:00:00+00:00,E7
SME-0255,Step1,2024-07-08T07:13:57.603780294+00:00,E10
SME-0255,Step2,2024-07-08T14:43:54.440909480+00:00,E5
SME-0256,Step0,2024-09-05T00:00:00+00:00,E4
SME-0256,Step1,2024-09-05T08:55:21.841172973+00:00,E8
SME-0256,Step2,2024-09-05T20:22:42.302387433+00:00,E11
SME-0256,Step3,2024-09-06T04:56:39.889774785+00:00,E5
SME-0256,Step4,2024-09-06T09:07:51.297305568+00:00,E6
SME-0256,Step5,2024-09-06T20:56:59.931047725+00:00,E8
SME-0256,Step6,2024-09-07T03:22:45.648073637+00:00,E5
SME-0257,Step0,2024-02-18T00:00:00+00:00,E6
SME-0257,Step1,2024-02-18T08:50:28.990805101+00:00,E5
SME-0257,Step2,2024-02-18T11:19:57.536993417+00:00,E1
SME-0257,Step3,2024-02-18T12:46:53.428356268+00:00,E10
SME-0257,Step4,2024-02-19T00:46:35.895416344+00:00,E10
SME-0258,Step0,2024-04-23T00:00:00+00:00,E8
SME-0258,Step1,2024-04-23T09:46:10.018114760+00:00,E6
SME-0258,Step2,2024-04-23T17:33:42.447735756+00:00,E6
SME-0258,Step3,2024-04-24T03:31:16.079270841+00:00,E1
SME-0259,Step0,2024-05-12T00:00:00+00:00,E10
SME-0259,Step1,2024-05-12T08:14:15.965820865+00:00,E4
SME-0259,Step2,2024-05-12T09:14:30.937982198+00:00,E6
SME-0259,Step3,2024-05-12T15:59:06.233738700+00:00,E8
SME-0260,Step0,2024-05-19T00:00:00+00:00,E3
SME-0260,Step1,2024-05-19T07:05:42.191480215+00:00,E6
SME-0260,Step2,2024-05-19T10:17:44.411425965+00:00,E1
SME-0260,Step3,2024-05-19T20:50:23.012825154+00:00,E9
SME-0260,Step4,2024-05-20T04:12:23.818512210+00:00,E5
SME-0260,Step5,2024-05-20T06:38:49.426310201+00:00,E11
SME-0260,Step6,2024-05-20T08:22:04.991738322+00:00,E6
SME-0261,Step0,2024-10-19T00:00:00+00:00,E2
SME-0261,Step1,2024-10-19T06:46:41.813841097+00:00,E11
SME-0261,Step2,2024-10-19T08:39:36.079634309+00:00,E9
SME-0261,Step3,2024-10-19T15:52:26.846680672+00:00,E4
SME-0261,Step4,2024-10-19T18:10:40.407198701+00:00,E4
SME-0262,Step0,2024-05-03T00:00:00+00:00,E6
SME-0262,Step1,2024-05-03T03:56:18.164947917+00:00,E2
SME-0262,Step2,2024-05-03T12:42:49.728118994+00:00,E7
SME-0263,Step0,2024-11-26T00:00:00+00:00,E12
SME-0263,Step1,2024-11-26T10:53:17.372391307+00:00,E3
SME-0263,Step2,2024-11-26T19:20:41.605051286+00:00,E9
SME-0264,Step0,2024-08-20T00:00:00+00:00,E11
SME-0264,Step1,2024-08-20T06:46:39.936911361+00:00,E11
SME-0264,Step2,2024-08-20T11:42:13.137745291+00:00,E1
SME-0264,Step3,2024-08-20T23:02:59.867384774+00:00,E5
SME-0264,Step4,2024-08-21T09:38:59.831283564+00:00,E12
SME-0264,Step5,2024-08-21T18:04:56.365641691+00:00,E11
SME-0264,Step6,2024-08-21T23:51:43.729869463+00:00,E10
SME-0265,Step0,2024-04-30T00:00:00+00:00,E2
SME-0265,Step1,2024-04-30T10:59:05.475430642+00:00,E5
SME-0265,Step2,2024-04-30T20:33:41.397484026+00:00,E4
SME-0265,Step3,2024-05-01T00:45:43.060756451+00:00,E4
SME-0265,Step4,2024-05-01T03:44:05.079122772+00:00,E4
SME-0265,Step5,2024-05-01T14:25:48.335968305+00:00,E6
SME-0265,Step6,2024-05-01T22:29:22.161385876+00:00,E6
SME-0266,Step0,2024-10-05T00:00:00+00:00,E5
SME-0266,Step1,2024-10-05T10:11:29.680767887+00:00,E12
SME-0266,Step2,2024-10-05T11:56:38.128612779+00:00,E5
SME-0267,Step0,2024-03-16T00:00:00+00:00,E11
SME-0267,Step1,2024-03-16T06:16:29.884568574+00:00,E5
SME-0267,Step2,2024-03-16T10:33:50.885228442+00:00,E7
SME-0267,Step3,2024-03-16T15:55:10.291356238+00:00,E1
SME-0268,Step0,2024-05-18T00:00:00+00:00,E7
SME-0268,Step1,2024-05-18T02:47:46.023801136+00:00,E4
SME-0268,Step2,2024-05-18T13:45:40.557052159+00:00,E6
SME-0268,Step3,2024-05-18T21:27:07.511750943+00:00,E9
SME-0268,Step4,2024-05-19T04:08:48.423090827+00:00,E2
SME-0268,Step5,2024-05-19T06:44:39.596168525+00:00,E7
SME-0268,Step6,2024-05-19T14:28:21.909129579+00:00,E5
SME-0269,Step0,2024-12-03T00:00:00+00:00,E7
SME-0269,Step1,2024-12-03T08:49:17.767439640+00:00,E4
SME-0269,Step2,2024-12-03T15:30:35.838456544+00:00,E7
SME-0269,Step3,2024-12-03T17:24:32.007201419+00:00,E7
SME-0269,Step4,2024-12-03T18:47:04.419727960+00:00,E2
SME-0269,Step5,2024-12-04T00:43:00.164807422+00:00,E4
SME-0269,Step6,2024-12-04T05:32:46.818933289+00:00,E1
SME-0270,Step0,2024-09-18T00:00:00+00:00,E4
SME-0270,Step1,2024-09-18T08:54:39.232278091+00:00,E7
SME-0270,Step2,2024-09-18T13:16:25.062889010+00:00,E2
SME-0270,Step3,2024-09-18T21:47:47.403770720+00:00,E5
SME-0270,Step4,2024-09-19T05:52:16.495474611+00:00,E10
SME-0271,Step0,2024-01-06T00:00:00+00:00,E2
SME-0271,Step1,2024-01-06T10:11:35.395246507+00:00,E9
SME-0271,Step2,2024-01-06T13:30:20.200652799+00:00,E8
SME-0271,Step3,2024-01-07T01:13:07.601895072+00:00,E4
SME-0271,Step4,2024-01-07T11:20:47.099585171+00:00,E8
SME-0271,Step5,2024-01-07T18:06:21.471068304+00:00,E4
SME-0272,Step0,2024-07-06T00:00:00+00:00,E8
SME-0272,Step1,2024-07-06T04:09:05.047839957+00:00,E10
SME-0272,Step2,2024-07-06T08:16:09.885584148+00:00,E8
SME-0272,Step3,2024-07-06T11:14:59.500236506+00:00,E6
SME-0272,Step4,2024-07-06T19:42:49.186037178+00:00,E4
SME-0272,Step5,2024-07-07T02:37:23.628259837+00:00,E11
SME-0272,Step6,2024-07-07T06:19:43.939416159+00:00,E5
SME-0273,Step0,2024-03-05T00:00:00+00:00,E12
SME-0273,Step1,2024-03-05T08:42:56.159636938+00:00,E10
SME-0273,Step2,2024-03-05T13:25:25.206414428+00:00,E5
SME-0273,Step3,2024-03-05T18:22:36.655462283+00:00,E11
SME-0274,Step0,2024-01-04T00:00:00+00:00,E3
SME-0274,Step1,2024-01-04T10:43:33.084765029+00:00,E1
SME-0274,Step2,2024-01-04T20:47:55.635527167+00:00,E6
SME-0274,Step3,2024-01-05T01:47:51.026516418+00:00,E1
SME-0274,Step4,2024-01-05T11:27:55.204884030+00:00,E10
SME-0274,Step5,2024-01-05T22:56:57.086707301+00:00,E3
SME-0274,Step6,2024-01-06T01:31:32.440766475+00:00,E8
SME-0275,Step0,2024-10-17T00:00:00+00:00,E12
SME-0275,Step1,2024-10-17T11:13:05.043440369+00:00,E8
SME-0275,Step2,2024-10-17T12:40:49.935958225+00:00,E1
SME-0275,Step3,2024-10-17T17:52:37.778185901+00:00,E7
SME-0276,Step0,2024-06-15T00:00:00+00:00,E4
SME-0276,Step1,2024-06-15T05:00:54.406353823+00:00,E8
SME-0276,Step2,2024-06-15T13:07:44.655391080+00:00,E11
SME-0276,Step3,2024-06-15T22:39:35.821241397+00:00,E5
SME-0276,Step4,2024-06-16T00:35:19.656398585+00:00,E9
SME-0276,Step5,2024-06-16T04:12:07.236144700+00:00,E2
SME-0276,Step6,2024-06-16T07:52:30.107758897+00:00,E9
SME-0277,Step0,2024-12-25T00:00:00+00:00,E11
SME-0277,Step1,2024-12-25T10:58:14.301365062+00:00,E8
SME-0277,Step2,2024-12-25T13:00:23.600180657+00:00,E2
SME-0278,Step0,2024-09-28T00:00:00+00:00,E11
SME-0278,Step1,2024-09-28T10:37:29.059240662+00:00,E1
SME-0278,Step2,2024-09-28T19:48:49.116138991+00:00,E9
SME-0279,Step0,2024-04-09T00:00:00+00:00,E2
SME-0279,Step1,2024-04-09T02:24:12.770616963+00:00,E9
SME-0279,Step2,2024-04-09T09:01:55.186363426+00:00,E5
SME-0279,Step3,2024-04-09T17:07:50.153753516+00:00,E12
SME-0279,Step4,2024-04-09T19:38:24.712506069+00:00,E12
SME-0279,Step5,2024-04-10T05:37:53.994138699+00:00,E1
SME-0279,Step6,2024-04-10T07:05:36.337532353+00:00,E11
SME-0280,Step0,2024-07-16T00:00:00+00:00,E3
SME-0280,Step1,2024-07-16T08:18:59.929509070+00:00,E10
SME-0280,Step2,2024-07-16T17:41:47.809685436+00:00,E12
SME-0281,Step0,2024-02-02T00:00:00+00:00,E3
SME-0281,Step1,2024-02-02T06:53:23.701380171+00:00,E12
SME-0281,Step2,2024-02-02T18:38:14.226385582+00:00,E6
SME-0281,Step3,2024-02-03T05:49:59.626381190+00:00,E9
SME-0281,Step4,2024-02-03T11:20:50.251368141+00:00,E1
SME-0281,Step5,2024-02-03T18:14:24.728701051+00:00,E12
SME-0281,Step6,2024-02-03T19:45:54.594159026+00:00,E4
SME-0282,Step0,2024-01-07T00:00:00+00:00,E3
SME-0282,Step1,2024-01-07T03:44:36.105874785+00:00,E5
SME-0282,Step2,2024-01-07T14:56:37.735394463+00:00,E10
SME-0282,Step3,2024-01-07T18:28:38.201731229+00:00,E6
SME-0283,Step0,2024-01-30T00:00:00+00:00,E8
SME-0283,Step1,2024-01-30T06:31:55.198085680+00:00,E1
SME-0283,Step2,2024-01-30T08:35:52.111016232+00:00,E5
SME-0283,Step3,2024-01-30T10:01:21.856287522+00:00,E6
SME-0283,Step4,2024-01-30T12:40:25.137065651+00:00,E4
SME-0283,Step5,2024-01-30T14:34:52.246589654+00:00,E7
SME-0284,Step0,2024-04-03T00:00:00+00:00,E8
SME-0284,Step1,2024-04-03T03:30:49.884189072+00:00,E11
SME-0284,Step2,2024-04-03T07:33:49.639051884+00:00,E1
SME-0284,Step3,2024-04-03T11:42:48.591416632+00:00,E5
SME-0284,Step4,2024-04-03T17:28:38.742695145+00:00,E10
SME-0284,Step5,2024-04-04T03:22:51.984443814+00:00,E12
SME-0285,Step0,2024-02-24T00:00:00+00:00,E1
SME-0285,Step1,2024-02-24T08:24:00.388441791+00:00,E1
SME-0285,Step2,2024-02-24T13:42:57.307687227+00:00,E8
SME-0285,Step3,2024-02-25T01:06:28.986259704+00:00,E9
SME-0285,Step4,2024-02-25T06:10:58.021682951+00:00,E3
SME-0286,Step0,2024-02-15T00:00:00+00:00,E10
SME-0286,Step1,2024-02-15T08:35:52.376766156+00:00,E2
SME-0286,Step2,2024-02-15T16:11:49.667534654+00:00,E10
SME-0286,Step3,2024-02-15T21:50:42.759975978+00:00,E9
SME-0287,Step0,2024-03-23T00:00:00+00:00,E10
SME-0287,Step1,2024-03-23T11:17:30.933551775+00:00,E5
SME-0287,Step2,2024-03-23T13:14:23.664898109+00:00,E9
SME-0287,Step3,2024-03-23T19:02:09.253372973+00:00,E6
SME-0287,Step4,2024-03-23T22:06:17.797260406+00:00,E1
SME-0288,Step0,2024-07-15T00:00:00+00:00,E12
SME-0288,Step1,2024-07-15T04:43:40.039410635+00:00,E1
SME-0288,Step2,2024-07-15T11:01:19.895224552+00:00,E12
SME-0288,Step3,2024-07-15T18:03:17.659261549+00:00,E6
SME-0288,Step4,2024-07-15T23:21:20.472414577+00:00,E8
SME-0288,Step5,2024-07-16T00:44:06.103244829+00:00,E9
SME-0289,Step0,2024-05-03T00:00:00+00:00,E7
SME-0289,Step1,2024-05-03T01:55:34.435889674+00:00,E7
SME-0289,Step2,2024-05-03T07:24:01.832959265+00:00,E11
SME-0289,Step3,2024-05-03T17:32:01.859528315+00:00,E4
SME-0289,Step4,2024-05-04T02:39:18.871975375+00:00,E11
SME-0290,Step0,2024-09-16T00:00:00+00:00,E5
SME-0290,Step1,2024-09-16T08:56:39.650934975+00:00,E12
SME-0290,Step2,2024-09-16T13:48:56.457555419+00:00,E11
SME-0290,Step3,2024-09-16T21:37:35.931182682+00:00,E11
SME-0290,Step4,2024-09-17T08:07:36.412602491+00:00,E7
SME-0291,Step0,2024-07-19T00:00:00+00:00,E4
SME-0291,Step1,2024-07-19T04:45:11.746897626+00:00,E1
SME-0291,Step2,2024-07-19T11:25:32.941379059+00:00,E12
SME-0291,Step3,2024-07-19T12:35:22.208814704+00:00,E1
SME-0291,Step4,2024-07-19T19:31:12.998312675+00:00,E8
SME-0291,Step5,2024-07-19T23:35:10.018071115+00:00,E5
SME-0292,Step0,2024-04-22T00:00:00+00:00,E9
SME-0292,Step1,2024-04-22T10:58:11.701517228+00:00,E9
SME-0292,Step2,2024-04-22T19:48:09.864645811+00:00,E6
SME-0292,Step3,2024-04-22T22:46:37.788112037+00:00,E6
SME-0292,Step4,2024-04-23T01:13:45.040380595+00:00,E1
SME-0292,Step5,2024-04-23T10:59:05.825966523+00:00,E8
SME-0292,Step6,2024-04-23T13:31:00.977591552+00:00,E6
SME-0293,Step0,2024-10-02T00:00:00+00:00,E6
SME-0293,Step1,2024-10-02T10:30:55.956197023+00:00,E11
SME-0293,Step2,2024-10-02T19:32:03.725464164+00:00,E3
SME-0293,Step3,2024-10-03T06:13:52.193852410+00:00,E5
SME-0294,Step0,2024-12-30T00:00:00+00:00,E10
SME-0294,Step1,2024-12-30T01:44:54.669686087+00:00,E10
SME-0294,Step2,2024-12-30T05:50:14.177662293+00:00,E5
SME-0294,Step3,2024-12-30T14:46:51.725948198+00:00,E2
SME-0294,Step4,2024-12-30T21:46:45.666479747+00:00,E2
SME-0294,Step5,2024-12-31T05:25:50.597314516+00:00,E6
SME-0295,Step0,2024-03-03T00:00:00+00:00,E7
SME-0295,Step1,2024-03-03T09:20:38.620677837+00:00,E5
SME-0295,Step2,2024-03-03T19:24:24.995915762+00:00,E6
SME-0295,Step3,2024-03-04T00:16:37.970146221+00:00,E6
SME-0296,Step0,2024-05-27T00:00:00+00:00,E9
SME-0296,Step1,2024-05-27T01:46:33.975026985+00:00,E10
SME-0296,Step2,2024-05-27T09:11:57.069739352+00:00,E12
SME-0296,Step3,2024-05-27T19:27:45.988352832+00:00,E6
SME-0296,Step4,2024-05-28T01:42:27.309669340+00:00,E7
SME-0296,Step5,2024-05-28T05:59:10.202412459+00:00,E6
SME-0297,Step0,2024-12-03T00:00:00+00:00,E10
SME-0297,Step1,2024-12-03T08:23:18.416458100+00:00,E2
SME-0297,Step2,2024-12-03T17:58:37.877977593+00:00,E7
SME-0298,Step0,2024-09-30T00:00:00+00:00,E8
SME-0298,Step1,2024-09-30T06:17:48.165248677+00:00,E5
SME-0298,Step2,2024-09-30T16:18:49.769358137+00:00,E10
SME-0298,Step3,2024-09-30T20:01:34.475570225+00:00,E3
SME-0299,Step0,2024-08-07T00:00:00+00:00,E8
SME-0299,Step1,2024-08-07T02:44:54.515040719+00:00,E4
SME-0299,Step2,2024-08-07T05:18:58.977383341+00:00,E2
SME-0299,Step3,2024-08-07T10:05:44.850816633+00:00,E10
SME-0300,Step0,2024-09-17T00:00:00+00:00,E11
SME-0300,Step1,2024-09-17T01:00:13.043837161+00:00,E4
SME-0300,Step2,2024-09-17T04:50:20.776393369+00:00,E7
SME-0301,Step0,2024-01-11T00:00:00+00:00,E3
SME-0301,Step1,2024-01-11T07:07:10.110879873+00:00,E5
SME-0301,Step2,2024-01-11T08:52:13.544591353+00:00,E3
SME-0301,Step3,2024-01-11T12:40:26.253635426+00:00,E1
SME-0301,Step4,2024-01-11T19:28:16.329650729+00:00,E8
SME-0301,Step5,2024-01-11T23:48:59.563467610+00:00,E6
SME-0302,Step0,2024-01-11T00:00:00+00:00,E5
SME-0302,Step1,2024-01-11T02:03:45.902186166+00:00,E11
SME-0302,Step2,2024-01-11T04:38:01.653511035+00:00,E7
SME-0302,Step3,2024-01-11T08:15:21.090377047+00:00,E1
SME-0303,Step0,2024-01-01T00:00:00+00:00,E7
SME-0303,Step1,2024-01-01T10:53:57.287026037+00:00,E7
SME-0303,Step2,2024-01-01T21:57:02.747510010+00:00,E9
SME-0303,Step3,2024-01-02T05:33:55.694196420+00:00,E6
SME-0303,Step4,2024-01-02T11:44:46.976876406+00:00,E1
SME-0303,Step5,2024-01-02T19:43:25.923280904+00:00,E9
SME-0304,Step0,2024-11-24T00:00:00+00:00,E11
SME-0304,Step1,2024-11-24T01:51:52.364736874+00:00,E1
SME-0304,Step2,2024-11-24T13:20:46.371922510+00:00,E3
SME-0304,Step3,2024-11-24T17:47:36.909597423+00:00,E8
SME-0304,Step4,2024-11-24T23:16:37.257866215+00:00,E3
SME-0304,Step5,2024-11-25T03:32:24.810964687+00:00,E5
SME-0305,Step0,2024-12-27T00:00:00+00:00,E6
SME-0305,Step1,2024-12-27T01:29:03.913289818+00:00,E10
SME-0305,Step2,2024-12-27T10:13:43.912277995+00:00,E10
SME-0306,Step0,2024-11-05T00:00:00+00:00,E11
SME-0306,Step1,2024-11-05T08:46:35.814899922+00:00,E5
SME-0306,Step2,2024-11-05T11:16:34.170855645+00:00,E6
SME-0306,Step3,2024-11-05T19:15:01.573850260+00:00,E3
SME-0306,Step4,2024-11-06T02:11:23.386623629+00:00,E7
SME-0306,Step5,2024-11-06T09:58:21.180497066+00:00,E6
SME-0307,Step0,2024-04-12T00:00:00+00:00,E12
SME-0307,Step1,2024-04-12T07:17:00.562287647+00:00,E9
SME-0307,Step2,2024-04-12T17:23:38.476212319+00:00,E2
SME-0307,Step3,2024-04-13T02:15:50.713052502+00:00,E8
SME-0307,Step4,2024-04-13T05:29:03.517221249+00:00,E1
SME-0307,Step5,2024-04-13T06:31:32.493545243+00:00,E5
SME-0307,Step6,2024-04-13T11:16:41.387614795+00:00,E4
SME-0308,Step0,2024-10-31T00:00:00+00:00,E4
SME-0308,Step1,2024-10-31T06:26:20.746570536+00:00,E7
SME-0308,Step2,2024-10-31T10:34:29.599942653+00:00,E6
SME-0308,Step3,2024-10-31T13:45:08.610023365+00:00,E11
SME-0308,Step4,2024-10-31T23:19:20.499349732+00:00,E12
SME-0308,Step5,2024-11-01T03:47:23.854438149+00:00,E11
SME-0308,Step6,2024-11-01T12:15:06.680739565+00:00,E7
SME-0309,Step0,2024-10-16T00:00:00+00:00,E12
SME-0309,Step1,2024-10-16T03:59:12.005017515+00:00,E3
SME-0309,Step2,2024-10-16T08:36:20.983381687+00:00,E1
SME-0310,Step0,2024-04-07T00:00:00+00:00,E9
SME-0310,Step1,2024-04-07T04:57:02.091810808+00:00,E4
SME-0310,Step2,2024-04-07T12:24:22.386695434+00:00,E9
SME-0310,Step3,2024-04-07T22:22:55.289368668+00:00,E1
SME-0311,Step0,2024-06-15T00:00:00+00:00,E10
SME-0311,Step1,2024-06-15T01:32:43.997187212+00:00,E7
SME-0311,Step2,2024-06-15T05:34:42.395615055+00:00,E2
SME-0311,Step3,2024-06-15T08:52:03.517687033+00:00,E5
SME-0311,Step4,2024-06-15T18:58:48.416314884+00:00,E3
SME-0311,Step5,2024-06-16T04:29:54.979104930+00:00,E8
SME-0312,Step0,2024-04-21T00:00:00+00:00,E8
SME-0312,Step1,2024-04-21T05:56:37.316622212+00:00,E5
SME-0312,Step2,2024-04-21T17:49:30.348995685+00:00,E5
SME-0312,Step3,2024-04-21T23:19:14.639670066+00:00,E2
SME-0313,Step0,2024-01-15T00:00:00+00:00,E7
SME-0313,Step1,2024-01-15T09:19:36.374108682+00:00,E5
SME-0313,Step2,2024-01-15T18:34:39.711732567+00:00,E1
SME-0313,Step3,2024-01-16T05:36:06.292881830+00:00,E12
SME-0314,Step0,2024-07-24T00:00:00+00:00,E5
SME-0314,Step1,2024-07-24T03:08:15.782621427+00:00,E2
SME-0314,Step2,2024-07-24T12:53:15.974148403+00:00,E12
SME-0315,Step0,2024-08-04T00:00:00+00:00,E4
SME-0315,Step1,2024-08-04T10:57:49.486081209+00:00,E3
SME-0315,Step2,2024-08-04T18:09:24.870446630+00:00,E1
SME-0315,Step3,2024-08-05T02:24:36.332597682+00:00,E10
SME-0316,Step0,2024-07-17T00:00:00+00:00,E2
SME-0316,Step1,2024-07-17T08:44:15.288144894+00:00,E9
SME-0316,Step2,2024-07-17T11:51:35.584963081+00:00,E11
SME-0316,Step3,2024-07-17T17:42:05.465467379+00:00,E6
SME-0317,Step0,2024-01-08T00:00:00+00:00,E3
SME-0317,Step1,2024-01-08T06:26:47.176601026+00:00,E7
SME-0317,Step2,2024-01-08T15:18:02.122880452+00:00,E11
SME-0317,Step3,2024-01-08T20:05:43.717807423+00:00,E11
SME-0317,Step4,2024-01-09T01:18:13.931340627+00:00,E4
SME-0317,Step5,2024-01-09T06:11:54.505430192+00:00,E6
SME-0317,Step6,2024-01-09T13:49:26.913571243+00:00,E10
SME-0318,Step0,2024-10-16T00:00:00+00:00,E12
SME-0318,Step1,2024-10-16T09:58:19.280540391+00:00,E6
SME-0318,Step2,2024-10-16T15:15:38.538984257+00:00,E7
SME-0318,Step3,2024-10-17T01:39:59.394329154+00:00,E7
SME-0318,Step4,2024-10-17T03:18:14.175299104+00:00,E6
SME-0318,Step5,2024-10-17T12:53:52.494017533+00:00,E5
SME-0319,Step0,2024-02-13T00:00:00+00:00,E4
SME-0319,Step1,2024-02-13T10:49:40.798921840+00:00,E8
SME-0319,Step2,2024-02-13T20:53:00.109817086+00:00,E7
SME-0320,Step0,2024-02-11T00:00:00+00:00,E8
SME-0320,Step1,2024-02-11T11:31:34.671498020+00:00,E7
SME-0320,Step2,2024-02-11T16:49:40.805953831+00:00,E1
SME-0320,Step3,2024-02-11T21:49:40.059273171+00:00,E5
SME-0320,Step4,2024-02-12T06:34:48.521321786+00:00,E5
SME-0320,Step5,2024-02-12T12:24:47.357996354+00:00,E7
SME-0321,Step0,2024-06-07T00:00:00+00:00,E4
SME-0321,Step1,2024-06-07T07:50:39.096682865+00:00,E6
SME-0321,Step2,2024-06-07T19:37:20.883825332+00:00,E3
SME-0321,Step3,2024-06-07T22:17:49.818507903+00:00,E4
SME-0321,Step4,2024-06-08T10:12:54.819855209+00:00,E6
SME-0322,Step0,2024-05-22T00:00:00+00:00,E1
SME-0322,Step1,2024-05-22T06:07:07.480052424+00:00,E1
SME-0322,Step2,2024-05-22T16:36:40.192952561+00:00,E9
SME-0322,Step3,2024-05-22T19:36:35.195804467+00:00,E7
SME-0322,Step4,2024-05-23T03:46:51.350298272+00:00,E3
SME-0322,Step5,2024-05-23T10:39:51.303715945+00:00,E7
SME-0322,Step6,2024-05-23T19:55:41.080734391+00:00,E5
SME-0323,Step0,2024-06-21T00:00:00+00:00,E10
SME-0323,Step1,2024-06-21T09:40:42.789766172+00:00,E2
SME-0323,Step2,2024-06-21T11:58:37.110047234+00:00,E11
SME-0324,Step0,2024-07-20T00:00:00+00:00,E11
SME-0324,Step1,2024-07-20T09:12:01.535143283+00:00,E7
SME-0324,Step2,2024-07-20T19:40:39.162401834+00:00,E6
SME-0324,Step3,2024-07-21T05:53:08.976302795+00:00,E10
SME-0324,Step4,2024-07-21T15:49:17.398449422+00:00,E5
SME-0325,Step0,2024-02-13T00:00:00+00:00,E6
SME-0325,Step1,2024-02-13T05:35:58.946994071+00:00,E4
SME-0325,Step2,2024-02-13T08:58:13.423874252+00:00,E11
SME-0325,Step3,2024-02-13T19:20:55.683529467+00:00,E11
SME-0325,Step4,2024-02-14T00:01:03.191235856+00:00,E3
SME-0325,Step5,2024-02-14T07:42:29.268231337+00:00,E12
SME-0325,Step6,2024-02-14T11:05:53.767992143+00:00,E10
SME-0326,Step0,2024-06-02T00:00:00+00:00,E10
SME-0326,Step1,2024-06-02T09:35:06.724014989+00:00,E8
SME-0326,Step2,2024-06-02T11:12:53.902109058+00:00,E5
SME-0326,Step3,2024-06-02T13:44:14.866288990+00:00,E11
SME-0326,Step4,2024-06-03T01:19:28.176968823+00:00,E7
SME-0326,Step5,2024-06-03T06:13:26.210907746+00:00,E10
SME-0326,Step6,2024-06-03T17:47:57.171133727+00:00,E9
SME-0327,Step0,2024-02-06T00:00:00+00:00,E10
SME-0327,Step1,2024-02-06T01:58:23.213063980+00:00,E5
SME-0327,Step2,2024-02-06T08:46:36.043659056+00:00,E12
SME-0327,Step3,2024-02-06T17:25:36.696789251+00:00,E12
SME-0328,Step0,2024-03-17T00:00:00+00:00,E11
SME-0328,Step1,2024-03-17T09:22:26.866379492+00:00,E9
SME-0328,Step2,2024-03-17T12:05:36.975621218+00:00,E4
SME-0328,Step3,2024-03-17T17:20:35.103580388+00:00,E4
SME-0328,Step4,2024-03-17T21:01:16.869370838+00:00,E8
SME-0328,Step5,2024-03-18T04:46:42.703518912+00:00,E1
SME-0329,Step0,2024-03-14T00:00:00+00:00,E12
SME-0329,Step1,2024-03-14T03:04:50.206760759+00:00,E9
SME-0329,Step2,2024-03-14T14:14:06.389680012+00:00,E10
SME-0329,Step3,2024-03-14T21:04:08.757750546+00:00,E1
SME-0329,Step4,2024-03-15T05:01:54.867025768+00:00,E5
SME-0330,Step0,2024-07-19T00:00:00+00:00,E10
SME-0330,Step1,2024-07-19T09:14:53.552477067+00:00,E4
SME-0330,Step2,2024-07-19T11:48:15.781495331+00:00,E7
SME-0331,Step0,2024-12-04T00:00:00+00:00,E9
SME-0331,Step1,2024-12-04T04:13:48.331326141+00:00,E6
SME-0331,Step2,2024-12-04T14:34:30.027563884+00:00,E5
SME-0331,Step3,2024-12-04T22:15:08.200637241+00:00,E8
SME-0331,Step4,2024-12-05T03:26:44.570883695+00:00,E10
SME-0331,Step5,2024-12-05T06:06:11.731143445+00:00,E8
SME-0332,Step0,2024-07-03T00:00:00+00:00,E6
SME-0332,Step1,2024-07-03T05:26:08.462271438+00:00,E2
SME-0332,Step2,2024-07-03T08:00:46.619714466+00:00,E12
SME-0332,Step3,2024-07-03T10:38:38.422133534+00:00,E5
SME-0332,Step4,2024-07-03T12:24:01.192898967+00:00,E12
SME-0332,Step5,2024-07-03T14:45:46.818048152+00:00,E12
SME-0333,Step0,2024-12-18T00:00:00+00:00,E9
SME-0333,Step1,2024-12-18T07:41:42.946276747+00:00,E8
SME-0333,Step2,2024-12-18T13:30:51.596091374+00:00,E2
SME-0333,Step3,2024-12-18T15:55:33.676832804+00:00,E9
SME-0334,Step0,2024-03-31T00:00:00+00:00,E1
SME-0334,Step1,2024-03-31T04:18:20.933765270+00:00,E3
SME-0334,Step2,2024-03-31T14:03:01.761155770+00:00,E11
SME-0335,Step0,2024-10-27T00:00:00+00:00,E6
SME-0335,Step1,2024-10-27T09:32:10.214918556+00:00,E2
SME-0335,Step2,2024-10-27T11:04:30.709199448+00:00,E6
SME-0336,Step0,2024-01-15T00:00:00+00:00,E8
SME-0336,Step1,2024-01-15T04:19:23.622488456+00:00,E6
SME-0336,Step2,2024-01-15T15:03:01.057136642+00:00,E8
SME-0336,Step3,2024-01-15T21:12:56.136611508+00:00,E8
SME-0337,Step0,2024-03-22T00:00:00+00:00,E1
SME-0337,Step1,2024-03-22T09:03:13.018342963+00:00,E6
SME-0337,Step2,2024-03-22T16:01:09.095588005+00:00,E3
SME-0337,Step3,2024-03-22T22:00:10.617903126+00:00,E10
SME-0337,Step4,2024-03-23T03:49:42.632908405+00:00,E8
SME-0338,Step0,2024-03-17T00:00:00+00:00,E4
SME-0338,Step1,2024-03-17T04:59:56.392022135+00:00,E4
SME-0338,Step2,2024-03-17T16:42:09.288812219+00:00,E3
SME-0339,Step0,2024-07-20T00:00:00+00:00,E9
SME-0339,Step1,2024-07-20T01:13:49.559598457+00:00,E8
SME-0339,Step2,2024-07-20T10:17:07.971572218+00:00,E4
SME-0339,Step3,2024-07-20T21:07:42.774952382+00:00,E6
SME-0339,Step4,2024-07-20T22:32:35.974433143+00:00,E12
SME-0339,Step5,2024-07-21T01:38:34.730777226+00:00,E4
SME-0339,Step6,2024-07-21T05:58:45.653212815+00:00,E6
SME-0340,Step0,2024-03-09T00:00:00+00:00,E5
SME-0340,Step1,2024-03-09T06:46:26.921973470+00:00,E6
SME-0340,Step2,2024-03-09T14:04:00.927517044+00:00,E12
SME-0340,Step3,2024-03-09T22:33:15.294901001+00:00,E3
SME-0341,Step0,2024-10-05T00:00:00+00:00,E2
SME-0341,Step1,2024-10-05T07:01:20.096312395+00:00,E6
SME-0341,Step2,2024-10-05T16:04:51.852390004+00:00,E8
SME-0341,Step3,2024-10-05T22:04:29.938889250+00:00,E2
SME-0342,Step0,2024-08-14T00:00:00+00:00,E2
SME-0342,Step1,2024-08-14T04:13:15.508728314+00:00,E10
SME-0342,Step2,2024-08-14T10:08:27.192157031+00:00,E10
SME-0342,Step3,2024-08-14T15:25:12.384887577+00:00,E3
SME-0342,Step4,2024-08-14T21:36:11.526369932+00:00,E12
SME-0342,Step5,2024-08-15T05:57:48.250007692+00:00,E6
SME-0343,Step0,2024-06-20T00:00:00+00:00,E2
SME-0343,Step1,2024-06-20T02:56:45.415035582+00:00,E11
SME-0343,Step2,2024-06-20T06:52:25.764107455+00:00,E3
SME-0343,Step3,2024-06-20T13:11:48.576694814+00:00,E8
SME-0344,Step0,2024-11-30T00:00:00+00:00,E10
SME-0344,Step1,2024-11-30T02:10:38.263289038+00:00,E4
SME-0344,Step2,2024-11-30T11:39:23.991992252+00:00,E2
SME-0344,Step3,2024-11-30T21:58:11.714361582+00:00,E4
SME-0344,Step4,2024-12-01T03:06:01.337425129+00:00,E6
SME-0344,Step5,2024-12-01T07:02:37.554423330+00:00,E8
SME-0345,Step0,2024-02-11T00:00:00+00:00,E6
SME-0345,Step1,2024-02-11T05:15:11.502415818+00:00,E3
SME-0345,Step2,2024-02-11T08:54:03.097961789+00:00,E1
SME-0345,Step3,2024-02-11T18:15:07.990493919+00:00,E5
SME-0345,Step4,2024-02-12T00:01:06.296142539+00:00,E4
SME-0346,Step0,2024-05-27T00:00:00+00:00,E6
SME-0346,Step1,2024-05-27T03:26:05.278136665+00:00,E4
SME-0346,Step2,2024-05-27T04:34:53.141433823+00:00,E2
SME-0347,Step0,2024-10-26T00:00:00+00:00,E7
SME-0347,Step1,2024-10-26T04:09:34.297346865+00:00,E4
SME-0347,Step2,2024-10-26T16:03:59.497938971+00:00,E8
SME-0348,Step0,2024-02-14T00:00:00+00:00,E1
SME-0348,Step1,2024-02-14T09:18:52.202664951+00:00,E8
SME-0348,Step2,2024-02-14T12:59:11.783951670+00:00,E12
SME-0348,Step3,2024-02-14T16:16:45.436505534+00:00,E3
SME-0348,Step4,2024-02-15T03:31:16.400170794+00:00,E7
SME-0349,Step0,2024-11-13T00:00:00+00:00,E5
SME-0349,Step1,2024-11-13T07:00:13.884017501+00:00,E10
SME-0349,Step2,2024-11-13T13:01:26.888815260+00:00,E3
SME-0349,Step3,2024-11-13T15:29:44.226762742+00:00,E5
SME-0349,Step4,2024-11-14T01:33:15.367642399+00:00,E12
SME-0350,Step0,2024-04-02T00:00:00+00:00,E8
SME-0350,Step1,2024-04-02T02:02:48.644528184+00:00,E2
SME-0350,Step2,2024-04-02T09:19:12.555200569+00:00,E9
SME-0351,Step0,2024-12-25T00:00:00+00:00,E11
SME-0351,Step1,2024-12-25T10:25:03.327484370+00:00,E8
SME-0351,Step2,2024-12-25T12:39:43.001076188+00:00,E2
SME-0351,Step3,2024-12-25T17:14:03.262352344+00:00,E12
SME-0351,Step4,2024-12-25T22:15:31.007450156+00:00,E4
SME-0351,Step5,2024-12-26T01:53:21.700809148+00:00,E5
SME-0351,Step6,2024-12-26T04:51:27.990921583+00:00,E6
SME-0352,Step0,2024-10-21T00:00:00+00:00,E5
SME-0352,Step1,2024-10-21T08:13:14.840942440+00:00,E7
SME-0352,Step2,2024-10-21T11:52:09.347744954+00:00,E10
SME-0352,Step3,2024-10-21T17:59:43.671678263+00:00,E8
SME-0352,Step4,2024-10-22T05:45:55.677683046+00:00,E5
SME-0352,Step5,2024-10-22T13:41:07.875665636+00:00,E5
SME-0352,Step6,2024-10-22T17:25:59.290401170+00:00,E10
SME-0353,Step0,2024-10-01T00:00:00+00:00,E1
SME-0353,Step1,2024-10-01T03:38:16.061086584+00:00,E10
SME-0353,Step2,2024-10-01T15:05:58.891956020+00:00,E2
SME-0354,Step0,2024-06-18T00:00:00+00:00,E12
SME-0354,Step1,2024-06-18T10:44:15.702108981+00:00,E3
SME-0354,Step2,2024-06-18T20:46:11.504515997+00:00,E2
SME-0354,Step3,2024-06-19T01:41:06.258746971+00:00,E9
SME-0355,Step0,2024-04-15T00:00:00+00:00,E6
SME-0355,Step1,2024-04-15T02:20:23.076591028+00:00,E11
SME-0355,Step2,2024-04-15T07:47:37.458504708+00:00,E11
SME-0355,Step3,2024-04-15T12:43:15.696458056+00:00,E5
SME-0355,Step4,2024-04-15T16:37:13.672479221+00:00,E3
SME-0355,Step5,2024-04-15T20:58:46.241916771+00:00,E8
SME-0356,Step0,2024-10-21T00:00:00+00:00,E9
SME-0356,Step1,2024-10-21T09:48:06.291658137+00:00,E8
SME-0356,Step2,2024-10-21T15:54:23.444891708+00:00,E5
SME-0356,Step3,2024-10-21T22:35:10.898678541+00:00,E8
SME-0356,Step4,2024-10-22T07:45:58.547846783+00:00,E1
SME-0356,Step5,2024-10-22T12:41:43.852123630+00:00,E1
SME-0357,Step0,2024-10-31T00:00:00+00:00,E10
SME-0357,Step1,2024-10-31T02:42:35.334729552+00:00,E7
SME-0357,Step2,2024-10-31T09:25:16.027728023+00:00,E6
SME-0357,Step3,2024-10-31T13:07:35.749904884+00:00,E6
SME-0357,Step4,2024-10-31T16:13:47.512904627+00:00,E12
SME-0357,Step5,2024-10-31T21:24:44.244260688+00:00,E3
SME-0358,Step0,2024-05-07T00:00:00+00:00,E7
SME-0358,Step1,2024-05-07T09:52:36.151806502+00:00,E7
SME-0358,Step2,2024-05-07T16:26:47.595577485+00:00,E1
SME-0358,Step3,2024-05-07T18:21:27.932236715+00:00,E5
SME-0358,Step4,2024-05-08T02:45:39.814251784+00:00,E12
SME-0358,Step5,2024-05-08T07:25:55.372668425+00:00,E11
SME-0359,Step0,2024-03-05T00:00:00+00:00,E6
SME-0359,Step1,2024-03-05T07:02:38.857260290+00:00,E7
SME-0359,Step2,2024-03-05T13:25:55.686553842+00:00,E5
SME-0360,Step0,2024-07-21T00:00:00+00:00,E2
SME-0360,Step1,2024-07-21T01:35:26.790286316+00:00,E10
SME-0360,Step2,2024-07-21T11:29:48.786479483+00:00,E6
SME-0360,Step3,2024-07-21T22:40:58.310734501+00:00,E8
SME-0361,Step0,2024-09-09T00:00:00+00:00,E6
SME-0361,Step1,2024-09-09T05:57:54.366192103+00:00,E7
SME-0361,Step2,2024-09-09T13:36:54.248545590+00:00,E7
SME-0361,Step3,2024-09-09T19:12:05.573855565+00:00,E5
SME-0362,Step0,2024-10-26T00:00:00+00:00,E6
SME-0362,Step1,2024-10-26T05:44:18.694102289+00:00,E1
SME-0362,Step2,2024-10-26T09:24:57.722984165+00:00,E9
SME-0362,Step3,2024-10-26T13:02:07.103503826+00:00,E3
SME-0363,Step0,2024-11-09T00:00:00+00:00,E10
SME-0363,Step1,2024-11-09T01:58:19.485791580+00:00,E9
SME-0363,Step2,2024-11-09T10:29:20.749670862+00:00,E5
SME-0364,Step0,2024-06-15T00:00:00+00:00,E12
SME-0364,Step1,2024-06-15T07:04:25.485771605+00:00,E6
SME-0364,Step2,2024-06-15T12:49:11.913375420+00:00,E4
SME-0364,Step3,2024-06-15T18:56:24.133693880+00:00,E7
SME-0364,Step4,2024-06-15T20:11:51.474568364+00:00,E3
SME-0364,Step5,2024-06-16T07:51:54.585955822+00:00,E12
SME-0364,Step6,2024-06-16T13:36:02.901451512+00:00,E4
SME-0365,Step0,2024-08-04T00:00:00+00:00,E10
SME-0365,Step1,2024-08-04T06:23:31.604523332+00:00,E8
SME-0365,Step2,2024-08-04T12:10:26.959868979+00:00,E3
SME-0365,Step3,2024-08-04T15:53:44.433002280+00:00,E11
SME-0366,Step0,2024-10-12T00:00:00+00:00,E4
SME-0366,Step1,2024-10-12T01:58:55.758470708+00:00,E4
SME-0366,Step2,2024-10-12T08:56:10.003722224+00:00,E4
SME-0367,Step0,2024-02-24T00:00:00+00:00,E11
SME-0367,Step1,2024-02-24T01:07:40.992083749+00:00,E11
SME-0367,Step2,2024-02-24T10:00:19.003451087+00:00,E12
SME-0367,Step3,2024-02-24T11:23:04.397333830+00:00,E5
SME-0367,Step4,2024-02-24T19:17:39.965240018+00:00,E3
SME-0368,Step0,2024-07-18T00:00:00+00:00,E11
SME-0368,Step1,2024-07-18T05:41:56.290746826+00:00,E8
SME-0368,Step2,2024-07-18T13:02:39.864804158+00:00,E1
SME-0368,Step3,2024-07-18T23:21:48.214065352+00:00,E12
SME-0368,Step4,2024-07-19T09:07:57.947917280+00:00,E11
SME-0369,Step0,2024-12-02T00:00:00+00:00,E11
SME-0369,Step1,2024-12-02T06:01:50.558622352+00:00,E2
SME-0369,Step2,2024-12-02T12:37:50.709508421+00:00,E1
SME-0369,Step3,2024-12-03T00:07:17.934834548+00:00,E7
SME-0369,Step4,2024-12-03T02:01:35.165049323+00:00,E7
SME-0370,Step0,2024-04-23T00:00:00+00:00,E6
SME-0370,Step1,2024-04-23T09:51:05.878606342+00:00,E1
SME-0370,Step2,2024-04-23T11:58:39.975723022+00:00,E8
SME-0370,Step3,2024-04-23T13:10:30.081001021+00:00,E3
SME-0370,Step4,2024-04-24T00:20:01.107843117+00:00,E4
SME-0370,Step5,2024-04-24T05:17:44.438763924+00:00,E9
SME-0370,Step6,2024-04-24T11:50:57.172322154+00:00,E9
SME-0371,Step0,2024-01-04T00:00:00+00:00,E9
SME-0371,Step1,2024-01-04T08:43:08.123316062+00:00,E6
SME-0371,Step2,2024-01-04T15:21:20.252229030+00:00,E4
SME-0371,Step3,2024-01-04T22:39:11.256342064+00:00,E6
SME-0371,Step4,2024-01-05T05:25:50.772457641+00:00,E9
SME-0371,Step5,2024-01-05T07:36:27.061100524+00:00,E1
SME-0371,Step6,2024-01-05T09:34:47.150778926+00:00,E8
SME-0372,Step0,2024-04-24T00:00:00+00:00,E9
SME-0372,Step1,2024-04-24T02:49:39.048434867+00:00,E8
SME-0372,Step2,2024-04-24T11:35:16.274318927+00:00,E1
SME-0372,Step3,2024-04-24T19:03:56.447286476+00:00,E5
SME-0373,Step0,2024-03-30T00:00:00+00:00,E10
SME-0373,Step1,2024-03-30T02:16:25.703698551+00:00,E10
SME-0373,Step2,2024-03-30T07:10:22.964169986+00:00,E5
SME-0373,Step3,2024-03-30T15:11:10.898852111+00:00,E5
SME-0373,Step4,2024-03-30T23:18:00.582360630+00:00,E9
SME-0374,Step0,2024-05-09T00:00:00+00:00,E5
SME-0374,Step1,2024-05-09T09:58:58.988034441+00:00,E8
SME-0374,Step2,2024-05-09T20:32:07.207292035+00:00,E1
SME-0374,Step3,2024-05-10T08:15:16.354646537+00:00,E12
SME-0374,Step4,2024-05-10T09:57:47.638585680+00:00,E12
SME-0375,Step0,2024-04-15T00:00:00+00:00,E1
SME-0375,Step1,2024-04-15T02:38:39.608174966+00:00,E2
SME-0375,Step2,2024-04-15T10:59:09.332405230+00:00,E8
SME-0375,Step3,2024-04-15T19:01:37.003460126+00:00,E12
SME-0376,Step0,2024-01-19T00:00:00+00:00,E12
SME-0376,Step1,2024-01-19T01:21:36.512672844+00:00,E7
SME-0376,Step2,2024-01-19T06:22:16.931278567+00:00,E6
SME-0376,Step3,2024-01-19T10:18:06.573171131+00:00,E6
SME-0376,Step4,2024-01-19T20:47:29.873041450+00:00,E1
SME-0376,Step5,2024-01-20T00:43:15.671371058+00:00,E1
SME-0377,Step0,2024-08-05T00:00:00+00:00,E5
SME-0377,Step1,2024-08-05T05:52:58.912946568+00:00,E9
SME-0377,Step2,2024-08-05T17:04:57.891645121+00:00,E11
SME-0377,Step3,2024-08-06T03:30:18.909418253+00:00,E11
SME-0377,Step4,2024-08-06T07:36:30.898952666+00:00,E12
SME-0377,Step5,2024-08-06T18:33:34.065679827+00:00,E2
SME-0377,Step6,2024-08-07T06:01:24.735259097+00:00,E1
SME-0378,Step0,2024-02-28T00:00:00+00:00,E5
SME-0378,Step1,2024-02-28T05:24:57.075285826+00:00,E6
SME-0378,Step2,2024-02-28T09:06:38.117257137+00:00,E7
SME-0379,Step0,2024-02-27T00:00:00+00:00,E11
SME-0379,Step1,2024-02-27T01:32:49.906922097+00:00,E2
SME-0379,Step2,2024-02-27T04:29:07.367677612+00:00,E12
SME-0379,Step3,2024-02-27T08:45:35.698953270+00:00,E9
SME-0380,Step0,2024-12-30T00:00:00+00:00,E11
SME-0380,Step1,2024-12-30T05:28:46.632625696+00:00,E11
SME-0380,Step2,2024-12-30T07:07:49.890856721+00:00,E5
SME-0381,Step0,2024-06-27T00:00:00+00:00,E10
SME-0381,Step1,2024-06-27T07:49:33.356072068+00:00,E7
SME-0381,Step2,2024-06-27T11:16:26.201342970+00:00,E11
SME-0381,Step3,2024-06-27T16:54:46.210689465+00:00,E8
SME-0381,Step4,2024-06-28T04:04:52.992384888+00:00,E7
SME-0381,Step5,2024-06-28T11:01:54.546640265+00:00,E1
SME-0381,Step6,2024-06-28T14:53:29.839672906+00:00,E12
SME-0382,Step0,2024-03-31T00:00:00+00:00,E2
SME-0382,Step1,2024-03-31T01:22:27.284642214+00:00,E6
SME-0382,Step2,2024-03-31T10:13:18.698061373+00:00,E9
SME-0382,Step3,2024-03-31T15:11:50.202860040+00:00,E3
SME-0382,Step4,2024-04-01T03:11:33.013197213+00:00,E4
SME-0383,Step0,2024-03-08T00:00:00+00:00,E8
SME-0383,Step1,2024-03-08T09:48:58.616720802+00:00,E8
SME-0383,Step2,2024-03-08T13:00:25.415314820+00:00,E11
SME-0383,Step3,2024-03-09T00:52:52.541413919+00:00,E5
SME-0384,Step0,2024-08-04T00:00:00+00:00,E3
SME-0384,Step1,2024-08-04T09:29:00.273842507+00:00,E3
SME-0384,Step2,2024-08-04T15:18:36.982386265+00:00,E1
SME-0384,Step3,2024-08-05T00:22:29.303887780+00:00,E10
SME-0384,Step4,2024-08-05T10:13:25.143304524+00:00,E6
SME-0384,Step5,2024-08-05T16:08:49.743784674+00:00,E12
SME-0385,Step0,2024-11-11T00:00:00+00:00,E12
SME-0385,Step1,2024-11-11T09:44:45.758082492+00:00,E8
SME-0385,Step2,2024-11-11T13:31:03.935024028+00:00,E1
SME-0386,Step0,2024-05-28T00:00:00+00:00,E1
SME-0386,Step1,2024-05-28T02:20:00.278052500+00:00,E3
SME-0386,Step2,2024-05-28T04:42:33.569971420+00:00,E7
SME-0387,Step0,2024-07-27T00:00:00+00:00,E2
SME-0387,Step1,2024-07-27T06:09:07.348022962+00:00,E2
SME-0387,Step2,2024-07-27T11:39:31.036791953+00:00,E3
SME-0387,Step3,2024-07-27T22:55:49.230616909+00:00,E11
SME-0388,Step0,2024-12-24T00:00:00+00:00,E2
SME-0388,Step1,2024-12-24T01:20:41.477030478+00:00,E2
SME-0388,Step2,2024-12-24T10:50:30.236388498+00:00,E5
SME-0388,Step3,2024-12-24T17:13:47.536072700+00:00,E8
SME-0388,Step4,2024-12-25T04:01:20.394227712+00:00,E12
SME-0389,Step0,2024-07-29T00:00:00+00:00,E12
SME-0389,Step1,2024-07-29T10:04:58.957542360+00:00,E8
SME-0389,Step2,2024-07-29T20:49:03.951629555+00:00,E7
SME-0390,Step0,2024-07-15T00:00:00+00:00,E4
SME-0390,Step1,2024-07-15T04:13:23.504367075+00:00,E8
SME-0390,Step2,2024-07-15T15:08:05.403353996+00:00,E2
SME-0390,Step3,2024-07-15T23:32:23.937463921+00:00,E8
SME-0390,Step4,2024-07-16T01:53:39.332605828+00:00,E5
SME-0390,Step5,2024-07-16T13:36:10.420715988+00:00,E1
SME-0390,Step6,2024-07-16T23:52:12.241273060+00:00,E5
SME-0391,Step0,2024-02-26T00:00:00+00:00,E2
SME-0391,Step1,2024-02-26T09:53:17.782306054+00:00,E9
SME-0391,Step2,2024-02-26T20:09:44.356874533+00:00,E4
SME-0391,Step3,2024-02-27T05:23:55.250052085+00:00,E12
SME-0392,Step0,2024-10-08T00:00:00+00:00,E9
SME-0392,Step1,2024-10-08T10:24:24.353560384+00:00,E1
SME-0392,Step2,2024-10-08T19:31:25.226303055+00:00,E5
SME-0393,Step0,2024-12-13T00:00:00+00:00,E1
SME-0393,Step1,2024-12-13T02:11:10.415093173+00:00,E5
SME-0393,Step2,2024-12-13T07:57:29.680434125+00:00,E7
SME-0393,Step3,2024-12-13T09:28:07.881416818+00:00,E12
SME-0393,Step4,2024-12-13T21:04:34.010902579+00:00,E12
SME-0393,Step5,2024-12-14T06:29:50.047456924+00:00,E1
SME-0394,Step0,2024-01-25T00:00:00+00:00,E4
SME-0394,Step1,2024-01-25T04:54:21.891751028+00:00,E4
SME-0394,Step2,2024-01-25T07:53:44.796507201+00:00,E2
SME-0394,Step3,2024-01-25T18:28:50.169040185+00:00,E11
SME-0394,Step4,2024-01-25T20:16:03.146595610+00:00,E6
SME-0394,Step5,2024-01-26T06:55:37.869120603+00:00,E5
SME-0394,Step6,2024-01-26T12:50:44.882077931+00:00,E6
SME-0395,Step0,2024-03-01T00:00:00+00:00,E9
SME-0395,Step1,2024-03-01T07:01:52.541665699+00:00,E5
SME-0395,Step2,2024-03-01T13:18:00.538318672+00:00,E3
SME-0395,Step3,2024-03-01T22:02:12.461644284+00:00,E5
SME-0396,Step0,2024-05-31T00:00:00+00:00,E9
SME-0396,Step1,2024-05-31T04:48:15.356841681+00:00,E2
SME-0396,Step2,2024-05-31T10:30:31.420183959+00:00,E4
SME-0396,Step3,2024-05-31T21:05:22.569757068+00:00,E3
SME-0396,Step4,2024-06-01T02:29:29.893607109+00:00,E3
SME-0396,Step5,2024-06-01T04:10:31.946965472+00:00,E7
SME-0397,Step0,2024-11-24T00:00:00+00:00,E8
SME-0397,Step1,2024-11-24T11:41:04.456037620+00:00,E1
SME-0397,Step2,2024-11-24T14:14:16.219938448+00:00,E11
SME-0398,Step0,2024-11-07T00:00:00+00:00,E6
SME-0398,Step1,2024-11-07T02:49:06.021199118+00:00,E4
SME-0398,Step2,2024-11-07T09:11:03.973299591+00:00,E7
SME-0399,Step0,2024-09-06T00:00:00+00:00,E12
SME-0399,Step1,2024-09-06T05:21:52.319744886+00:00,E5
SME-0399,Step2,2024-09-06T10:35:22.478869080+00:00,E2
SME-0399,Step3,2024-09-06T21:32:58.036019258+00:00,E8
